ligand	receptor
Tgfb1	TGFbR1_R2
Tgfb2	TGFbR1_R2
Tgfb3	TGFbR1_R2
Tgfb1	ACVR1B_TGFbR2
Tgfb1	ACVR1C_TGFbR2
Tgfb2	ACVR1B_TGFbR2
Tgfb2	ACVR1C_TGFbR2
Tgfb3	ACVR1B_TGFbR2
Tgfb3	ACVR1C_TGFbR2
Tgfb1	ACVR1_TGFbR
Tgfb2	ACVR1_TGFbR
Tgfb3	ACVR1_TGFbR
Bmp2	BMPR1A_ACVR2A
Bmp2	BMPR1A_ACVR2B
Bmp2	BMPR1A_BMPR2
Bmp2	BMPR1B_ACVR2A
Bmp2	BMPR1B_ACVR2B
Bmp2	BMPR1B_BMPR2
Bmp4	BMPR1A_ACVR2A
Bmp4	BMPR1A_ACVR2B
Bmp4	BMPR1A_BMPR2
Bmp4	BMPR1B_ACVR2A
Bmp4	BMPR1B_ACVR2B
Bmp4	BMPR1B_BMPR2
Gdf5	BMPR1A_ACVR2A
Gdf5	BMPR1A_ACVR2B
Gdf5	BMPR1A_BMPR2
Gdf5	BMPR1B_ACVR2A
Gdf5	BMPR1B_ACVR2B
Gdf5	BMPR1B_BMPR2
Gdf6	BMPR1A_ACVR2A
Gdf6	BMPR1A_ACVR2B
Gdf6	BMPR1A_BMPR2
Gdf6	BMPR1B_ACVR2A
Gdf6	BMPR1B_ACVR2B
Gdf6	BMPR1B_BMPR2
Gdf7	BMPR1A_ACVR2A
Gdf7	BMPR1A_ACVR2B
Gdf7	BMPR1A_BMPR2
Gdf7	BMPR1B_ACVR2A
Gdf7	BMPR1B_ACVR2B
Gdf7	BMPR1B_BMPR2
Bmp15	BMPR1B_BMPR2
Bmp5	ACVR1_ACVR2A
Bmp5	ACVR1_ACVR2B
Bmp5	ACVR1_BMPR2
Bmp5	BMPR1A_ACVR2A
Bmp5	BMPR1A_ACVR2B
Bmp5	BMPR1A_BMPR2
Bmp5	BMPR1B_ACVR2A
Bmp5	BMPR1B_ACVR2B
Bmp5	BMPR1B_BMPR2
Bmp6	ACVR1_ACVR2A
Bmp6	ACVR1_ACVR2B
Bmp6	ACVR1_BMPR2
Bmp6	BMPR1A_ACVR2A
Bmp6	BMPR1A_ACVR2B
Bmp6	BMPR1A_BMPR2
Bmp6	BMPR1B_ACVR2A
Bmp6	BMPR1B_ACVR2B
Bmp6	BMPR1B_BMPR2
Bmp7	ACVR1_ACVR2A
Bmp7	ACVR1_ACVR2B
Bmp7	ACVR1_BMPR2
Bmp7	BMPR1A_ACVR2A
Bmp7	BMPR1A_ACVR2B
Bmp7	BMPR1A_BMPR2
Bmp7	BMPR1B_ACVR2A
Bmp7	BMPR1B_ACVR2B
Bmp7	BMPR1B_BMPR2
Bmp8a	ACVR1_ACVR2A
Bmp8a	ACVR1_ACVR2B
Bmp8a	ACVR1_BMPR2
Bmp8a	BMPR1A_ACVR2A
Bmp8a	BMPR1A_ACVR2B
Bmp8a	BMPR1A_BMPR2
Bmp8a	BMPR1B_ACVR2A
Bmp8a	BMPR1B_ACVR2B
Bmp8a	BMPR1B_BMPR2
Bmp8b	ACVR1_ACVR2A
Bmp8b	ACVR1_ACVR2B
Bmp8b	ACVR1_BMPR2
Bmp8b	BMPR1A_ACVR2A
Bmp8b	BMPR1A_ACVR2B
Bmp8b	BMPR1A_BMPR2
Bmp8b	BMPR1B_ACVR2A
Bmp8b	BMPR1B_ACVR2B
Bmp8b	BMPR1B_BMPR2
Bmp10	ACVRL1_BMPR2
Bmp10	ACVRL1_ACVR2A
Gdf2	ACVRL1_BMPR2
Gdf2	ACVRL1_ACVR2A
Gdf9	ACVR1B_BMPR2
Gdf10	ACVR1B_ACVR2A
Gdf11	TGFBR1_ACVR2A
Gdf11	TGFBR1_ACVR2B
Gdf11	ACVR1B_ACVR2B
Gdf15	Tgfbr2
Mstn	TGFBR1_ACVR2B
Mstn	ACVR1B_ACVR2B
Mstn	ACVR1B_ACVR2A
Mstn	TGFBR1_ACVR2A
Amh	AMHR2_ACVR1
Amh	AMHR2_BMPR1A
Gdnf	GFRA1_RET
Nrtn	GFRA2_RET
Artn	GFRA3_RET
Pspn	GFRA4_RET
Artn	GFRA1_RET
Nodal	ACVR1B_ACVR2A_CFC1
Nodal	ACVR1C_ACVR2A_CFC1
Nodal	ACVR1B_ACVR2B_CFC1
Nodal	ACVR1C_ACVR2B_CFC1
Gdf1	ACVR1B_ACVR2A_CFC1
Gdf1	ACVR1B_ACVR2B_CFC1
Gdf1	ACVR1C_ACVR2A_CFC1
Gdf1	ACVR1C_ACVR2B_CFC1
Gdf3	ACVR1B_ACVR2A_CFC1
Gdf3	ACVR1B_ACVR2B_CFC1
Gdf3	ACVR1C_ACVR2A_CFC1
Gdf3	ACVR1C_ACVR2B_CFC1
Inhba	ACVR1B_ACVR2A
Inhba	ACVR1B_ACVR2B
Inhbb	ACVR1B_ACVR2A
Inhbb	ACVR1B_ACVR2B
Inhbb	ACVR1C_ACVR2A
Inhbb	ACVR1C_ACVR2B
Inhbc	ACVR1B_ACVR2A
Inhbc	ACVR1B_ACVR2B
Inhbc	ACVR1C_ACVR2A
Inhbc	ACVR1C_ACVR2B
Inhbe	ACVR1B_ACVR2A
Inhbe	ACVR1B_ACVR2B
Inhbe	ACVR1C_ACVR2A
Inhbe	ACVR1C_ACVR2B
Activin AB	ACVR1B_ACVR2A
Activin AB	ACVR1B_ACVR2B
Activin AB	ACVR1C_ACVR2A
Activin AB	ACVR1C_ACVR2B
Inhibin A	Acvr2a
Inhibin B	Acvr2b
Wnt1	FZD1_LRP5
Wnt1	FZD10_LRP5
Wnt1	FZD2_LRP5
Wnt1	FZD3_LRP5
Wnt1	FZD4_LRP5
Wnt1	FZD5_LRP5
Wnt1	FZD6_LRP5
Wnt1	FZD7_LRP5
Wnt1	FZD8_LRP5
Wnt1	FZD9_LRP5
Wnt10a	FZD1_LRP5
Wnt10a	FZD10_LRP5
Wnt10a	FZD2_LRP5
Wnt10a	FZD3_LRP5
Wnt10a	FZD4_LRP5
Wnt10a	FZD5_LRP5
Wnt10a	FZD6_LRP5
Wnt10a	FZD7_LRP5
Wnt10a	FZD8_LRP5
Wnt10a	FZD9_LRP5
Wnt10b	FZD1_LRP5
Wnt10b	FZD10_LRP5
Wnt10b	FZD2_LRP5
Wnt10b	FZD3_LRP5
Wnt10b	FZD4_LRP5
Wnt10b	FZD5_LRP5
Wnt10b	FZD6_LRP5
Wnt10b	FZD7_LRP5
Wnt10b	FZD8_LRP5
Wnt10b	FZD9_LRP5
Wnt16	FZD1_LRP5
Wnt16	FZD10_LRP5
Wnt16	FZD2_LRP5
Wnt16	FZD3_LRP5
Wnt16	FZD4_LRP5
Wnt16	FZD5_LRP5
Wnt16	FZD6_LRP5
Wnt16	FZD7_LRP5
Wnt16	FZD8_LRP5
Wnt16	FZD9_LRP5
Wnt2	FZD1_LRP5
Wnt2	FZD10_LRP5
Wnt2	FZD2_LRP5
Wnt2	FZD3_LRP5
Wnt2	FZD4_LRP5
Wnt2	FZD5_LRP5
Wnt2	FZD6_LRP5
Wnt2	FZD7_LRP5
Wnt2	FZD8_LRP5
Wnt2	FZD9_LRP5
Wnt2b	FZD1_LRP5
Wnt2b	FZD10_LRP5
Wnt2b	FZD2_LRP5
Wnt2b	FZD3_LRP5
Wnt2b	FZD4_LRP5
Wnt2b	FZD5_LRP5
Wnt2b	FZD6_LRP5
Wnt2b	FZD7_LRP5
Wnt2b	FZD8_LRP5
Wnt2b	FZD9_LRP5
Wnt3	FZD1_LRP5
Wnt3	FZD10_LRP5
Wnt3	FZD2_LRP5
Wnt3	FZD3_LRP5
Wnt3	FZD4_LRP5
Wnt3	FZD5_LRP5
Wnt3	FZD6_LRP5
Wnt3	FZD7_LRP5
Wnt3	FZD8_LRP5
Wnt3	FZD9_LRP5
Wnt3a	FZD1_LRP5
Wnt3a	FZD10_LRP5
Wnt3a	FZD2_LRP5
Wnt3a	FZD3_LRP5
Wnt3a	FZD4_LRP5
Wnt3a	FZD5_LRP5
Wnt3a	FZD6_LRP5
Wnt3a	FZD7_LRP5
Wnt3a	FZD8_LRP5
Wnt3a	FZD9_LRP5
Wnt4	FZD1_LRP5
Wnt4	FZD10_LRP5
Wnt4	FZD2_LRP5
Wnt4	FZD3_LRP5
Wnt4	FZD4_LRP5
Wnt4	FZD5_LRP5
Wnt4	FZD6_LRP5
Wnt4	FZD7_LRP5
Wnt4	FZD8_LRP5
Wnt4	FZD9_LRP5
Wnt6	FZD1_LRP5
Wnt6	FZD10_LRP5
Wnt6	FZD2_LRP5
Wnt6	FZD3_LRP5
Wnt6	FZD4_LRP5
Wnt6	FZD5_LRP5
Wnt6	FZD6_LRP5
Wnt6	FZD7_LRP5
Wnt6	FZD8_LRP5
Wnt6	FZD9_LRP5
Wnt7a	FZD1_LRP5
Wnt7a	FZD10_LRP5
Wnt7a	FZD2_LRP5
Wnt7a	FZD3_LRP5
Wnt7a	FZD4_LRP5
Wnt7a	FZD5_LRP5
Wnt7a	FZD6_LRP5
Wnt7a	FZD7_LRP5
Wnt7a	FZD8_LRP5
Wnt7a	FZD9_LRP5
Wnt7b	FZD1_LRP5
Wnt7b	FZD10_LRP5
Wnt7b	FZD2_LRP5
Wnt7b	FZD3_LRP5
Wnt7b	FZD4_LRP5
Wnt7b	FZD5_LRP5
Wnt7b	FZD6_LRP5
Wnt7b	FZD7_LRP5
Wnt7b	FZD8_LRP5
Wnt7b	FZD9_LRP5
Wnt8a	FZD1_LRP5
Wnt8a	FZD10_LRP5
Wnt8a	FZD2_LRP5
Wnt8a	FZD3_LRP5
Wnt8a	FZD4_LRP5
Wnt8a	FZD5_LRP5
Wnt8a	FZD6_LRP5
Wnt8a	FZD7_LRP5
Wnt8a	FZD8_LRP5
Wnt8a	FZD9_LRP5
Wnt8b	FZD1_LRP5
Wnt8b	FZD10_LRP5
Wnt8b	FZD2_LRP5
Wnt8b	FZD3_LRP5
Wnt8b	FZD4_LRP5
Wnt8b	FZD5_LRP5
Wnt8b	FZD6_LRP5
Wnt8b	FZD7_LRP5
Wnt8b	FZD8_LRP5
Wnt8b	FZD9_LRP5
Wnt9a	FZD1_LRP5
Wnt9a	FZD10_LRP5
Wnt9a	FZD2_LRP5
Wnt9a	FZD3_LRP5
Wnt9a	FZD4_LRP5
Wnt9a	FZD5_LRP5
Wnt9a	FZD6_LRP5
Wnt9a	FZD7_LRP5
Wnt9a	FZD8_LRP5
Wnt9a	FZD9_LRP5
Wnt9b	FZD1_LRP5
Wnt9b	FZD10_LRP5
Wnt9b	FZD2_LRP5
Wnt9b	FZD3_LRP5
Wnt9b	FZD4_LRP5
Wnt9b	FZD5_LRP5
Wnt9b	FZD6_LRP5
Wnt9b	FZD7_LRP5
Wnt9b	FZD8_LRP5
Wnt9b	FZD9_LRP5
Wnt1	FZD1_LRP6
Wnt1	FZD10_LRP6
Wnt1	FZD2_LRP6
Wnt1	FZD3_LRP6
Wnt1	FZD4_LRP6
Wnt1	FZD5_LRP6
Wnt1	FZD6_LRP6
Wnt1	FZD7_LRP6
Wnt1	FZD8_LRP6
Wnt1	FZD9_LRP6
Wnt10a	FZD1_LRP6
Wnt10a	FZD10_LRP6
Wnt10a	FZD2_LRP6
Wnt10a	FZD3_LRP6
Wnt10a	FZD4_LRP6
Wnt10a	FZD5_LRP6
Wnt10a	FZD6_LRP6
Wnt10a	FZD7_LRP6
Wnt10a	FZD8_LRP6
Wnt10a	FZD9_LRP6
Wnt10b	FZD1_LRP6
Wnt10b	FZD10_LRP6
Wnt10b	FZD2_LRP6
Wnt10b	FZD3_LRP6
Wnt10b	FZD4_LRP6
Wnt10b	FZD5_LRP6
Wnt10b	FZD6_LRP6
Wnt10b	FZD7_LRP6
Wnt10b	FZD8_LRP6
Wnt10b	FZD9_LRP6
Wnt16	FZD1_LRP6
Wnt16	FZD10_LRP6
Wnt16	FZD2_LRP6
Wnt16	FZD3_LRP6
Wnt16	FZD4_LRP6
Wnt16	FZD5_LRP6
Wnt16	FZD6_LRP6
Wnt16	FZD7_LRP6
Wnt16	FZD8_LRP6
Wnt16	FZD9_LRP6
Wnt2	FZD1_LRP6
Wnt2	FZD10_LRP6
Wnt2	FZD2_LRP6
Wnt2	FZD3_LRP6
Wnt2	FZD4_LRP6
Wnt2	FZD5_LRP6
Wnt2	FZD6_LRP6
Wnt2	FZD7_LRP6
Wnt2	FZD8_LRP6
Wnt2	FZD9_LRP6
Wnt2b	FZD1_LRP6
Wnt2b	FZD10_LRP6
Wnt2b	FZD2_LRP6
Wnt2b	FZD3_LRP6
Wnt2b	FZD4_LRP6
Wnt2b	FZD5_LRP6
Wnt2b	FZD6_LRP6
Wnt2b	FZD7_LRP6
Wnt2b	FZD8_LRP6
Wnt2b	FZD9_LRP6
Wnt3	FZD1_LRP6
Wnt3	FZD10_LRP6
Wnt3	FZD2_LRP6
Wnt3	FZD3_LRP6
Wnt3	FZD4_LRP6
Wnt3	FZD5_LRP6
Wnt3	FZD6_LRP6
Wnt3	FZD7_LRP6
Wnt3	FZD8_LRP6
Wnt3	FZD9_LRP6
Wnt3a	FZD1_LRP6
Wnt3a	FZD10_LRP6
Wnt3a	FZD2_LRP6
Wnt3a	FZD3_LRP6
Wnt3a	FZD4_LRP6
Wnt3a	FZD5_LRP6
Wnt3a	FZD6_LRP6
Wnt3a	FZD7_LRP6
Wnt3a	FZD8_LRP6
Wnt3a	FZD9_LRP6
Wnt4	FZD1_LRP6
Wnt4	FZD10_LRP6
Wnt4	FZD2_LRP6
Wnt4	FZD3_LRP6
Wnt4	FZD4_LRP6
Wnt4	FZD5_LRP6
Wnt4	FZD6_LRP6
Wnt4	FZD7_LRP6
Wnt4	FZD8_LRP6
Wnt4	FZD9_LRP6
Wnt6	FZD1_LRP6
Wnt6	FZD10_LRP6
Wnt6	FZD2_LRP6
Wnt6	FZD3_LRP6
Wnt6	FZD4_LRP6
Wnt6	FZD5_LRP6
Wnt6	FZD6_LRP6
Wnt6	FZD7_LRP6
Wnt6	FZD8_LRP6
Wnt6	FZD9_LRP6
Wnt7a	FZD1_LRP6
Wnt7a	FZD10_LRP6
Wnt7a	FZD2_LRP6
Wnt7a	FZD3_LRP6
Wnt7a	FZD4_LRP6
Wnt7a	FZD5_LRP6
Wnt7a	FZD6_LRP6
Wnt7a	FZD7_LRP6
Wnt7a	FZD8_LRP6
Wnt7a	FZD9_LRP6
Wnt7b	FZD1_LRP6
Wnt7b	FZD10_LRP6
Wnt7b	FZD2_LRP6
Wnt7b	FZD3_LRP6
Wnt7b	FZD4_LRP6
Wnt7b	FZD5_LRP6
Wnt7b	FZD6_LRP6
Wnt7b	FZD7_LRP6
Wnt7b	FZD8_LRP6
Wnt7b	FZD9_LRP6
Wnt8a	FZD1_LRP6
Wnt8a	FZD10_LRP6
Wnt8a	FZD2_LRP6
Wnt8a	FZD3_LRP6
Wnt8a	FZD4_LRP6
Wnt8a	FZD5_LRP6
Wnt8a	FZD6_LRP6
Wnt8a	FZD7_LRP6
Wnt8a	FZD8_LRP6
Wnt8a	FZD9_LRP6
Wnt8b	FZD1_LRP6
Wnt8b	FZD10_LRP6
Wnt8b	FZD2_LRP6
Wnt8b	FZD3_LRP6
Wnt8b	FZD4_LRP6
Wnt8b	FZD5_LRP6
Wnt8b	FZD6_LRP6
Wnt8b	FZD7_LRP6
Wnt8b	FZD8_LRP6
Wnt8b	FZD9_LRP6
Wnt9a	FZD1_LRP6
Wnt9a	FZD10_LRP6
Wnt9a	FZD2_LRP6
Wnt9a	FZD3_LRP6
Wnt9a	FZD4_LRP6
Wnt9a	FZD5_LRP6
Wnt9a	FZD6_LRP6
Wnt9a	FZD7_LRP6
Wnt9a	FZD8_LRP6
Wnt9a	FZD9_LRP6
Wnt9b	FZD1_LRP6
Wnt9b	FZD10_LRP6
Wnt9b	FZD2_LRP6
Wnt9b	FZD3_LRP6
Wnt9b	FZD4_LRP6
Wnt9b	FZD5_LRP6
Wnt9b	FZD6_LRP6
Wnt9b	FZD7_LRP6
Wnt9b	FZD8_LRP6
Wnt9b	FZD9_LRP6
Wnt5a	Fzd1
Wnt5a	Fzd10
Wnt5a	Fzd2
Wnt5a	Fzd3
Wnt5a	Fzd4
Wnt5a	Fzd5
Wnt5a	Fzd6
Wnt5a	Fzd7
Wnt5a	Fzd8
Wnt5a	Fzd9
Wnt5a	Mcam
Wnt5b	Fzd1
Wnt5b	Fzd10
Wnt5b	Fzd2
Wnt5b	Fzd3
Wnt5b	Fzd4
Wnt5b	Fzd5
Wnt5b	Fzd6
Wnt5b	Fzd7
Wnt5b	Fzd8
Wnt5b	Fzd9
Wnt11	Fzd1
Wnt11	Fzd10
Wnt11	Fzd2
Wnt11	Fzd3
Wnt11	Fzd4
Wnt11	Fzd5
Wnt11	Fzd6
Wnt11	Fzd7
Wnt11	Fzd8
Wnt11	Fzd9
Egf	Egfr
Egf	EGFR_ERBB2
Tgfa	Egfr
Tgfa	EGFR_ERBB2
Areg	Egfr
Areg	EGFR_ERBB2
Btc	Egfr
Btc	EGFR_ERBB2
Btc	Erbb4
Btc	ERBB2_ERBB4
Hbegf	Egfr
Hbegf	EGFR_ERBB2
Hbegf	Erbb4
Hbegf	ERBB2_ERBB4
Ereg	Egfr
Ereg	EGFR_ERBB2
Ereg	Erbb4
Ereg	ERBB2_ERBB4
Nrg1	Erbb3
Nrg1	ERBB2_ERBB3
Nrg1	Erbb4
Nrg1	ERBB2_ERBB4
Nrg2	Erbb3
Nrg2	ERBB2_ERBB3
Nrg2	Erbb4
Nrg2	ERBB2_ERBB4
Nrg3	Erbb4
Nrg3	ERBB2_ERBB4
Nrg4	Erbb4
Nrg4	ERBB2_ERBB4
Nrg1	ITGAV_ITGB3
Fgf1	Fgfr1
Fgf1	Fgfr2
Fgf1	Fgfr3
Fgf1	Fgfr4
Fgf2	Fgfr1
Fgf2	Fgfr2
Fgf2	Fgfr3
Fgf2	Fgfr4
Fgf4	Fgfr1
Fgf4	Fgfr2
Fgf4	Fgfr3
Fgf4	Fgfr4
Fgf5	Fgfr1
Fgf5	Fgfr2
Fgf5	Fgfr3
Fgf5	Fgfr4
Fgf6	Fgfr1
Fgf6	Fgfr2
Fgf6	Fgfr3
Fgf6	Fgfr4
Fgf7	Fgfr1
Fgf7	Fgfr2
Fgf3	Fgfr1
Fgf3	Fgfr2
Fgf10	Fgfr1
Fgf10	Fgfr2
Fgf22	Fgfr2
Fgf8	Fgfr1
Fgf8	Fgfr2
Fgf8	Fgfr3
Fgf8	Fgfr4
Fgf17	Fgfr1
Fgf17	Fgfr2
Fgf17	Fgfr3
Fgf17	Fgfr4
Fgf18	Fgfr1
Fgf18	Fgfr2
Fgf18	Fgfr3
Fgf18	Fgfr4
Fgf9	Fgfr1
Fgf9	Fgfr2
Fgf9	Fgfr3
Fgf9	Fgfr4
Fgf20	Fgfr1
Fgf20	Fgfr2
Fgf20	Fgfr3
Fgf20	Fgfr4
Fgf16	Fgfr1
Fgf16	Fgfr2
Fgf16	Fgfr3
Fgf16	Fgfr4
Fgf15	Fgfr1
Fgf15	Fgfr2
Fgf15	Fgfr3
Fgf15	Fgfr4
Fgf21	Fgfr1
Fgf21	Fgfr3
Fgf23	Fgfr1
Fgf23	Fgfr3
Fgf23	Fgfr4
Pdgfa	Pdgfra
Pdgfa	Pdgfrb
Pdgfb	Pdgfra
Pdgfb	Pdgfrb
Pdgfc	Pdgfra
Pdgfd	Pdgfrb
Vegfa	Flt1
Vegfa	Kdr
Vegfb	Flt1
Vegfc	Flt4
Vegfc	Kdr
Vegfd	Flt4
Vegfd	Kdr
Pgf	Flt1
Vegfa	FLT1_KDR
Vegfc	FLT4_KDR
Vegfd	FLT4_KDR
Igf1	Igf1r
Igf2	Igf1r
Igf2	Igf2r
Igf1	ITGAV_ITGB3
Igf1	ITGA6_ITGB4
Igf2	ITGAV_ITGB3
Igf2	ITGA6_ITGB4
Igfl3	Igflr1
Ins1	Insr
Ins2	Insr
Apln	Aplnr
Dhh	PTCH1_SMO
Ihh	PTCH1_SMO
Shh	PTCH1_SMO
Dhh	PTCH2_SMO
Ihh	PTCH2_SMO
Shh	PTCH2_SMO
Ccl5	Ccr1
Ccl3	Ccr1
Ccl8	Ccr1
Ccl9	Ccr1
Ccl6	Ccr1
Ccl7	Ccr1
Ccl5	Ccr1l1
Ccl3	Ccr1l1
Ccl8	Ccr1l1
Ccl9	Ccr1l1
Ccl6	Ccr1l1
Ccl7	Ccr1l1
Ccl8	Ccr2
Ccl6	Ccr2
Ccl7	Ccr2
Ccl2	Ccr2
Ccl12	Ccr2
Ccl27a	Ccr2
Ccl27b	Ccr2
Ccl5	Ccr3
Ccl6	Ccr3
Ccl7	Ccr3
Ccl11	Ccr3
Ccl24	Ccr3
Ccl26	Ccr3
Ccl28	Ccr3
Ccl27a	Ccr3
Ccl27b	Ccr3
Ccl17	Ccr4
Ccl22	Ccr4
Ccl5	Ccr4
Ccl4	Ccr5
Ccl5	Ccr5
Ccl3	Ccr5
Ccl8	Ccr5
Ccl20	Ccr6
Ccl19	Ccr7
Ccl21	Ccr7
Ccl21a	Ccr7
Ccl21b	Ccr7
Ccl21d	Ccr7
Ccl21f	Ccr7
Ccl21e	Ccr7
Ccl19	Ackr4
Ccl21	Ackr4
Ccl21a	Ackr4
Ccl21b	Ackr4
Ccl21d	Ackr4
Ccl21f	Ackr4
Ccl21e	Ackr4
Ccl1	Ccr8
Ccl25	Ccr9
Ccl25	Ackr4
Ccl28	Ccr10
Ccl27a	Ccr10
Ccl27b	Ccr10
Ccl1	Ackr4
Ccl8	Ackr4
Ccl1	Ackr1
Ccl2	Ackr1
Ccl2	Ackr2
Ccl3	Ackr2
Ccl4	Ackr2
Ccl5	Ackr1
Ccl5	Ackr2
Ccl7	Ackr1
Ccl8	Ackr1
Ccl11	Ackr1
Ccl11	Ackr2
Ccl22	Ackr2
Ccl24	Ackr2
Ccl26	Ackr2
Ccl17	Ackr1
Ccl17	Ackr2
Cxcl1	Cxcr1
Cxcl5	Cxcr1
Cxcl2	Cxcr1
Cxcl3	Cxcr1
Cxcl1	Cxcr2
Cxcl5	Cxcr2
Cxcl2	Cxcr2
Cxcl3	Cxcr2
Ppbp	Cxcr2
Pf4	Cxcr3
Cxcl9	Cxcr3
Cxcl10	Cxcr3
Cxcl11	Cxcr3
Cxcl13	Cxcr3
Cxcl12	Cxcr4
Cxcl12	Ackr3
Cxcl13	Cxcr5
Cxcl16	Cxcr6
Cxcl1	Ackr1
Cxcl2	Ackr1
Cxcl3	Ackr1
Cxcl5	Ackr1
Cxcl9	Ackr1
Cxcl10	Ackr1
Cxcl11	Ackr1
Cxcl11	Ackr3
Cxcl13	Ackr1
Mif	CD74_CXCR4
Mif	CD74_CD44
Mif	CD74_CXCR2
Mif	Ackr3
Cx3cl1	Cx3cr1
Xcl1	Xcr1
Il2	IL2RA_IL2RB
Il2	IL2RB_IL2RG
Il4	IL4R_IL2RG
Il7	IL7R_IL2RG
Il9	IL9R_IL2RG
Il15	IL15RA_IL2RB
Il21	IL21R_IL2RG
Tslp	IL7R_CRLF2
Il3	IL3RA_CSF2RB
Il5	IL5RA_CSF2RB
Csf2	CSF2RA_CSF2RB
Il4	Il4ra
Il4	IL4R_IL13RA1
Il4	IL4R_IL13RA2
Il13	IL4R_IL13RA1
Il13	IL4R_IL13RA2
Il13	Il13ra1
Il13	Il13ra2
Il6	IL6R_IL6ST
Il11	IL11R complex 1
Il11	IL11R complex 2
IL12AB	IL12RB1_IL12RB2
IL23 complex	IL23R_IL12RB1
IL27 complex	IL27RA_IL6ST
Il31	IL31RA_OSMR
Cntf	CNTFR_LIFR
Clcf1	CNTFR_LIFR
Ctf1	LIFR_IL6ST
Lif	LIFR_IL6ST
Osm	LIFR_IL6ST
Osm	OSMR_IL6ST
Il10	IL10RA_IL10RB
Il19	IL20RA_IL20RB
Il20	IL20RA_IL20RB
Il24	IL20RA_IL20RB
Il20	IL22RA1_IL20RB
Il24	IL22RA1_IL20RB
Il22	IL22RA1_IL10RB
Il1a	IL1R1_IL1RAP
Il1b	IL1R1_IL1RAP
Il36a	IL1RL2_IL1RAP
Il36b	IL1RL2_IL1RAP
Il36g	IL1RL2_IL1RAP
Il1f10	IL1RL2_IL1RAP
Il18	IL18R1_IL18RAP
Il33	IL1RL1_IL1RAP
Il17a	IL17RA_IL17RC
Il17f	IL17RA_IL17RC
IL17AF	IL17RA_IL17RC
Il17b	Il17rb
Il17c	IL17RA_IL17RE
Il25	IL17RA_IL17RB
Il34	Csf1r
Csf1	Csf1r
Il16	Cd4
Epo	Epor
Gh	Ghr
Prl	Prlr
Thpo	Mpl
Csf3	Csf3r
Ifnb1	IFNAR1_IFNAR2
Ifnk	IFNAR1_IFNAR2
Ifne	IFNAR1_IFNAR2
Ifna11	IFNAR1_IFNAR2
Ifna1	IFNAR1_IFNAR2
Ifna2	IFNAR1_IFNAR2
Ifna4	IFNAR1_IFNAR2
Ifna5	IFNAR1_IFNAR2
Ifna6	IFNAR1_IFNAR2
Ifna7	IFNAR1_IFNAR2
Ifna9	IFNAR1_IFNAR2
Ifnab	IFNAR1_IFNAR2
Ifna12	IFNAR1_IFNAR2
Ifna13	IFNAR1_IFNAR2
Ifna14	IFNAR1_IFNAR2
Ifna15	IFNAR1_IFNAR2
Ifng	IFNGR1_IFNGR2
Ifnl2	IFNLR1_IL10RB
Ifnl3	IFNLR1_IL10RB
Tnf	Tnfrsf1a
Tnf	Tnfrsf1b
Lta	Tnfrsf1a
Lta	Tnfrsf1b
Lta	Tnfrsf14
LTa1b2	Ltbr
Tnfsf14	Ltbr
Tnfsf14	Tnfrsf14
Fasl	Fas
Tnfsf15	Tnfrsf25
Tnfsf10	Tnfrsf10b
Eda	Edar
Eda	Eda2r
Ngf	Ngfr
Klk1b4	Ngfr
Tnfsf11	Tnfrsf11a
Tnfsf11	Tnfrsf11b
Tnfsf12	Tnfrsf12a
Cd70	Cd27
Tnfsf8	Tnfrsf8
Tnfsf9	Tnfrsf9
Tnfsf4	Tnfrsf4
Tnfsf18	Tnfrsf18
Tnfsf13	Tnfrsf17
Tnfsf13	Tnfrsf13b
Tnfsf13b	Tnfrsf17
Tnfsf13b	Tnfrsf13b
Tnfsf13b	Tnfrsf13c
Cd40lg	ITGA2B_ITGB3
Cd40lg	ITGA5_ITGB1
Cd40lg	ITGAM_ITGB2
Spp1	Cd44
Spp1	ITGAV_ITGB3
Spp1	ITGAV_ITGB1
Spp1	ITGAV_ITGB5
Spp1	ITGAV_ITGB6
Spp1	ITGA4_ITGB1
Spp1	ITGA9_ITGB1
Spp1	ITGA8_ITGB1
Spp1	ITGA5_ITGB1
Adipoq	Adipor1
Adipoq	Adipor2
Retn	Tlr4
Retn	Cap1
Nampt	ITGA5_ITGB1
Angptl1	ITGA1_ITGB1
Angptl2	ITGA5_ITGB1
Angptl2	Tlr4
Angptl2	Pirb
Angptl1	Pirb
Angptl7	Pirb
Angptl4	ITGA5_ITGB1
Angptl4	ITGAV_ITGB3
Angptl4	Cdh5
Angptl4	Cdh11
Angptl4	Sdc1
Angptl4	Sdc2
Angptl4	Sdc3
Angptl4	Sdc4
Angptl3	ITGAV_ITGB3
Angpt1	Tek
Angpt2	Tek
Angpt2	ITGA5_ITGB1
Mdk	Sdc1
Mdk	Sdc2
Mdk	Sdc4
Mdk	Ptprz1
Mdk	ITGA4_ITGB1
Mdk	ITGA6_ITGB1
Mdk	Lrp1
Mdk	Ncl
Mdk	Alk
Ptn	Ptprz1
Ptn	Sdc1
Ptn	Sdc2
Ptn	Sdc3
Ptn	Sdc4
Ptn	ITGAV_ITGB3
Ptn	Ncl
Ptn	Alk
Postn	ITGAV_ITGB3
Postn	ITGAV_ITGB5
Agt	Agtr1a
Agt	Agtr1b
Grp	Grpr
Nmb	Nmbr
Kng1	Bdkrb1
Kng1	Bdkrb2
Kng2	Bdkrb1
Kng2	Bdkrb2
C3	C3ar1
C3	Cr2
C3	ITGAM_ITGB2
C3	ITGAX_ITGB2
C4a	C3ar1
C4b	Cr2
Hc	C5ar1
Cck	Cckar
Cck	Cckbr
Edn1	Ednra
Edn2	Ednra
Edn3	Ednra
Edn1	Ednrb
Edn2	Ednrb
Edn3	Ednrb
Gal	Galr1
Gal	Galr2
Gal	Galr3
Galp	Galr1
Galp	Galr2
Ghrl	Ghsr
Kiss1	Kiss1r
Pomc	Mc1r
Pomc	Mc2r
Pomc	Mc3r
Pomc	Mc4r
Pomc	Mc5r
Nmu	Nmur1
Nmu	Nmur2
Nms	Nmur1
Nms	Nmur2
Npff	Npffr1
Npff	Npffr2
Npy	Npy1r
Npy	Npy2r
Npy	Npy4r
Npy	Npy5r
Npy	Npy6r
Npy	Gpr83
Npy	Pgr15l
Ppy	Npy1r
Ppy	Npy2r
Ppy	Npy4r
Ppy	Npy5r
Ppy	Npy6r
Ppy	Gpr83
Ppy	Pgr15l
Pyy	Npy1r
Pyy	Npy2r
Pyy	Npy4r
Pyy	Npy5r
Pyy	Npy6r
Pyy	Gpr83
Pyy	Pgr15l
Npb	Npbwr1
Npw	Npbwr1
Nts	Ntsr1
Nts	Ntsr2
Pdyn	Oprd1
Pdyn	Oprk1
Pdyn	Oprl1
Pdyn	Oprm1
Penk	Oprd1
Penk	Oprk1
Penk	Oprl1
Penk	Oprm1
Pomc	Oprd1
Pomc	Oprk1
Pomc	Oprl1
Pomc	Oprm1
Hcrt	Hcrtr1
Hcrt	Hcrtr2
Oxt	Oxtr
Sst	Sstr1
Sst	Sstr2
Sst	Sstr3
Sst	Sstr4
Sst	Sstr5
Cort	Sstr1
Cort	Sstr2
Cort	Sstr3
Cort	Sstr4
Cort	Sstr5
Tac1	Tacr1
Tac4	Tacr1
Tac1	Tacr2
Tac2	Tacr3
Uts2	Uts2r
Avp	Avpr2
Avp	Avpr1a
Avp	Avpr1b
Prlh	Prlhr
Prss3l	F2r
Try5	F2r
Ctsg	F2r
F2	F2r
Gzma	F2r
Prss2	F2r
Try4	F2r
Try10	F2r
Prss3l	F2rl1
Try5	F2rl1
Ctsg	F2rl1
F2	F2rl1
Gzma	F2rl1
Prss2	F2rl1
Try4	F2rl1
Try10	F2rl1
Prss3l	F2rl2
Try5	F2rl2
Ctsg	F2rl2
F2	F2rl2
Gzma	F2rl2
Prss2	F2rl2
Try4	F2rl2
Try10	F2rl2
Prss3l	F2rl3
Try5	F2rl3
Ctsg	F2rl3
F2	F2rl3
Gzma	F2rl3
Plg	F2rl3
Prss2	F2rl3
Try4	F2rl3
Try10	F2rl3
Prss3l	Pard3
Try5	Pard3
Ctsg	Pard3
F2	Pard3
Gzma	Pard3
Plg	Pard3
Prss2	Pard3
Try4	Pard3
Try10	Pard3
Pmch	Mchr1
Prok1	Prokr2
Prok1	Prokr1
Prok2	Prokr1
Prok2	Prokr2
Adcyap1	Adcyap1r1
Vip	Vipr1
Vip	Vipr2
Nppa	Npr1
Nppb	Npr1
Nppc	Npr2
Kitl	Kit
Gcg	Gipr
Gip	Gipr
Fshb	Fshr
Cga	Fshr
Lhb	Lhcgr
Cga	Lhcgr
Tshb	Tshr
Cga	Tshr
Bdnf	Ntrk2
Ngf	Ntrk1
Flt3l	Flt3
Hgf	Met
Klk1b4	Ntrk1
Ntf3	Ntrk1
Ntf3	Ntrk2
Ntf3	Ntrk3
Ntf5	Ntrk2
Sema3a	NRP1_PLXNA1
Sema3a	NRP1_PLXNA2
Sema3a	NRP1_PLXNA3
Sema3a	NRP1_PLXNA4
Sema3b	NRP1_PLXNA1
Sema3b	NRP1_PLXNA2
Sema3b	NRP1_PLXNA3
Sema3b	NRP1_PLXNA4
Sema3c	NRP1_PLXNA1
Sema3c	NRP1_PLXNA2
Sema3c	NRP1_PLXNA3
Sema3c	NRP1_PLXNA4
Sema3d	NRP1_PLXNA1
Sema3d	NRP1_PLXNA2
Sema3d	NRP1_PLXNA3
Sema3d	NRP1_PLXNA4
Sema3b	NRP2_PLXNA1
Sema3b	NRP2_PLXNA2
Sema3b	NRP2_PLXNA3
Sema3b	NRP2_PLXNA4
Sema3c	NRP2_PLXNA1
Sema3c	NRP2_PLXNA2
Sema3c	NRP2_PLXNA3
Sema3c	NRP2_PLXNA4
Sema3d	NRP2_PLXNA1
Sema3d	NRP2_PLXNA2
Sema3d	NRP2_PLXNA3
Sema3d	NRP2_PLXNA4
Sema3f	NRP2_PLXNA1
Sema3f	NRP2_PLXNA2
Sema3f	NRP2_PLXNA3
Sema3f	NRP2_PLXNA4
Sema3g	NRP2_PLXNA1
Sema3g	NRP2_PLXNA2
Sema3g	NRP2_PLXNA3
Sema3g	NRP2_PLXNA4
Sema3c	NRP1_NRP2
Sema3c	Plxnd1
Sema3e	Plxnd1
Agt	Mas1
Anxa1	Fpr2
Anxa1	Fpr1
Apela	Aplnr
Crh	Crhr1
Crh	Crhr2
Enho	Gpr19
Gas6	Axl
Gas6	Mertk
Gas6	Tyro3
Gcg	Gcgr
Gcg	Glp1r
Gcg	Glp2r
Gh	Prlr
Ghrh	Vipr1
Ghrh	Vipr2
Ghrh	Ghsr
Ghrh	Ghrhr
Gnrh1	Gnrhr
Grn	Sort1
Guca2a	Gucy2c
Guca2b	Gucy2c
Insl3	Rxfp2
Insl3	Rxfp1
Insl3	Rxfp4
Insl3	Rxfp3
Insl5	Rxfp4
Insl5	Rxfp3
Insl5	Rxfp2
Insl5	Rxfp1
Lep	Lepr
Lgals9	Ptprc
Lgals9	Ighm
Nps	Npsr1
Npvf	Npffr1
Npvf	Npffr2
Ostn	Npr3
Pmch	Mertk
Pros1	Axl
Pros1	Tyro3
Psap	Gpr37l1
Psap	Gpr37
Pth	Pth1r
Pth	Pth2r
Pth2	Pth1r
Pth2	Pth2r
Pthlh	Pth1r
Qrfp	Qrfpr
Rarres2	Cmklr2
Rarres2	Cmklr1
Rln1	Rxfp2
Rln1	Rxfp1
Rln1	Rxfp3
Rln1	Rxfp4
Rln3	Rxfp3
Rln3	Rxfp1
Rln3	Rxfp4
Rln3	Rxfp2
Saa2	Fpr2
Scgb3a2	Marco
Sct	Sctr
Slurp1	Chrnb1
Slurp1	Chrnb2
Slurp1	Chrnb3
Slurp1	Chrnb4
Slurp1	Chrna1
Slurp1	Chrna2
Slurp1	Chrna3
Slurp1	Chrna4
Slurp1	Chrna5
Slurp1	Chrna6
Slurp1	Chrna9
Slurp1	Chrna10
Slurp1	Chrnd
Slurp1	Chrne
Slurp1	Chrng
Slurp1	Chrna7
Slurp2	Chrnb1
Slurp2	Chrnb2
Slurp2	Chrnb3
Slurp2	Chrnb4
Slurp2	Chrna1
Slurp2	Chrna2
Slurp2	Chrna3
Slurp2	Chrna4
Slurp2	Chrna5
Slurp2	Chrna6
Slurp2	Chrna7
Slurp2	Chrna9
Slurp2	Chrna10
Slurp2	Chrnd
Slurp2	Chrne
Slurp2	Chrng
Btla	Tnfrsf14
Trh	Trhr
Trh	Trhr2
Ucn	Crhr1
Ucn	Crhr2
Ucn2	Crhr1
Ucn2	Crhr2
Ucn3	Crhr1
Ucn3	Crhr2
Uts2b	Uts2r
Uts2b	Sstr5
Bag6	Ncr3-ps
Lgals9	Havcr2
Lgals9	Cd44
Col1a1	ITGA1_ITGB1
Col1a2	ITGA1_ITGB1
Col2a1	ITGA1_ITGB1
Col4a1	ITGA1_ITGB1
Col4a2	ITGA1_ITGB1
Col4a3	ITGA1_ITGB1
Col4a4	ITGA1_ITGB1
Col4a5	ITGA1_ITGB1
Col4a6	ITGA1_ITGB1
Col6a1	ITGA1_ITGB1
Col6a2	ITGA1_ITGB1
Col6a3	ITGA1_ITGB1
Col6a4	ITGA1_ITGB1
Col6a5	ITGA1_ITGB1
Col6a6	ITGA1_ITGB1
Col9a1	ITGA1_ITGB1
Col9a2	ITGA1_ITGB1
Col9a3	ITGA1_ITGB1
Col1a1	ITGA2_ITGB1
Col1a2	ITGA2_ITGB1
Col2a1	ITGA2_ITGB1
Col4a1	ITGA2_ITGB1
Col4a2	ITGA2_ITGB1
Col4a3	ITGA2_ITGB1
Col4a4	ITGA2_ITGB1
Col4a5	ITGA2_ITGB1
Col4a6	ITGA2_ITGB1
Col6a1	ITGA2_ITGB1
Col6a2	ITGA2_ITGB1
Col6a3	ITGA2_ITGB1
Col6a4	ITGA2_ITGB1
Col6a5	ITGA2_ITGB1
Col6a6	ITGA2_ITGB1
Col9a1	ITGA2_ITGB1
Col9a2	ITGA2_ITGB1
Col9a3	ITGA2_ITGB1
Fn1	ITGA3_ITGB1
Fn1	ITGA4_ITGB1
Fn1	ITGA5_ITGB1
Fn1	ITGA8_ITGB1
Lama1	ITGA1_ITGB1
Lama2	ITGA1_ITGB1
Lama3	ITGA1_ITGB1
Lama4	ITGA1_ITGB1
Lama5	ITGA1_ITGB1
Lamb1	ITGA1_ITGB1
Lamb2	ITGA1_ITGB1
Lamb3	ITGA1_ITGB1
Lamc1	ITGA1_ITGB1
Lamc2	ITGA1_ITGB1
Lamc3	ITGA1_ITGB1
Lama1	ITGA2_ITGB1
Lama2	ITGA2_ITGB1
Lama3	ITGA2_ITGB1
Lama4	ITGA2_ITGB1
Lama5	ITGA2_ITGB1
Lamb1	ITGA2_ITGB1
Lamb2	ITGA2_ITGB1
Lamb3	ITGA2_ITGB1
Lamc1	ITGA2_ITGB1
Lamc2	ITGA2_ITGB1
Lamc3	ITGA2_ITGB1
Chad	ITGA2_ITGB1
Lama1	ITGA3_ITGB1
Lama2	ITGA3_ITGB1
Lama3	ITGA3_ITGB1
Lama4	ITGA3_ITGB1
Lama5	ITGA3_ITGB1
Lamb1	ITGA3_ITGB1
Lamb2	ITGA3_ITGB1
Lamb3	ITGA3_ITGB1
Lamc1	ITGA3_ITGB1
Lamc2	ITGA3_ITGB1
Lamc3	ITGA3_ITGB1
Reln	ITGA3_ITGB1
Thbs1	ITGA3_ITGB1
Thbs2	ITGA3_ITGB1
Thbs3	ITGA3_ITGB1
Thbs4	ITGA3_ITGB1
Comp	ITGA3_ITGB1
Col1a1	ITGA3_ITGB1
Col1a2	ITGA3_ITGB1
Col2a1	ITGA3_ITGB1
Col4a1	ITGA3_ITGB1
Col4a2	ITGA3_ITGB1
Col4a3	ITGA3_ITGB1
Col4a4	ITGA3_ITGB1
Col4a5	ITGA3_ITGB1
Col4a6	ITGA3_ITGB1
Col6a1	ITGA3_ITGB1
Col6a2	ITGA3_ITGB1
Col6a3	ITGA3_ITGB1
Col6a4	ITGA3_ITGB1
Col6a5	ITGA3_ITGB1
Col6a6	ITGA3_ITGB1
Col9a1	ITGA3_ITGB1
Col9a2	ITGA3_ITGB1
Col9a3	ITGA3_ITGB1
Lama1	ITGA6_ITGB1
Lama2	ITGA6_ITGB1
Lama3	ITGA6_ITGB1
Lama4	ITGA6_ITGB1
Lama5	ITGA6_ITGB1
Lamb1	ITGA6_ITGB1
Lamb2	ITGA6_ITGB1
Lamb3	ITGA6_ITGB1
Lamc1	ITGA6_ITGB1
Lamc2	ITGA6_ITGB1
Lamc3	ITGA6_ITGB1
Lama1	ITGA7_ITGB1
Lama2	ITGA7_ITGB1
Lama3	ITGA7_ITGB1
Lama4	ITGA7_ITGB1
Lama5	ITGA7_ITGB1
Lamb1	ITGA7_ITGB1
Lamb2	ITGA7_ITGB1
Lamb3	ITGA7_ITGB1
Lamc1	ITGA7_ITGB1
Lamc2	ITGA7_ITGB1
Lamc3	ITGA7_ITGB1
Vtn	ITGA8_ITGB1
Tnc	ITGA8_ITGB1
Tnr	ITGA8_ITGB1
Tnn	ITGA8_ITGB1
Tnxb	ITGA8_ITGB1
Npnt complex 1	ITGA8_ITGB1
Npnt complex 2	ITGA8_ITGB1
Tnc	ITGA9_ITGB1
Tnr	ITGA9_ITGB1
Tnn	ITGA9_ITGB1
Tnxb	ITGA9_ITGB1
Col1a1	ITGA9_ITGB1
Col1a2	ITGA9_ITGB1
Col2a1	ITGA9_ITGB1
Col4a1	ITGA9_ITGB1
Col4a2	ITGA9_ITGB1
Col4a3	ITGA9_ITGB1
Col4a4	ITGA9_ITGB1
Col4a5	ITGA9_ITGB1
Col4a6	ITGA9_ITGB1
Col6a1	ITGA9_ITGB1
Col6a2	ITGA9_ITGB1
Col6a3	ITGA9_ITGB1
Col6a4	ITGA9_ITGB1
Col6a5	ITGA9_ITGB1
Col6a6	ITGA9_ITGB1
Col9a1	ITGA9_ITGB1
Col9a2	ITGA9_ITGB1
Col9a3	ITGA9_ITGB1
Lama1	ITGA9_ITGB1
Lama2	ITGA9_ITGB1
Lama3	ITGA9_ITGB1
Lama4	ITGA9_ITGB1
Lama5	ITGA9_ITGB1
Lamb1	ITGA9_ITGB1
Lamb2	ITGA9_ITGB1
Lamb3	ITGA9_ITGB1
Lamc1	ITGA9_ITGB1
Lamc2	ITGA9_ITGB1
Lamc3	ITGA9_ITGB1
Col1a1	ITGA10_ITGB1
Col1a2	ITGA10_ITGB1
Col2a1	ITGA10_ITGB1
Col4a1	ITGA10_ITGB1
Col4a2	ITGA10_ITGB1
Col4a3	ITGA10_ITGB1
Col4a4	ITGA10_ITGB1
Col4a5	ITGA10_ITGB1
Col4a6	ITGA10_ITGB1
Col6a1	ITGA10_ITGB1
Col6a2	ITGA10_ITGB1
Col6a3	ITGA10_ITGB1
Col6a4	ITGA10_ITGB1
Col6a5	ITGA10_ITGB1
Col6a6	ITGA10_ITGB1
Col9a1	ITGA10_ITGB1
Col9a2	ITGA10_ITGB1
Col9a3	ITGA10_ITGB1
Col1a1	ITGA11_ITGB1
Col1a2	ITGA11_ITGB1
Col2a1	ITGA11_ITGB1
Col4a1	ITGA11_ITGB1
Col4a2	ITGA11_ITGB1
Col4a3	ITGA11_ITGB1
Col4a4	ITGA11_ITGB1
Col4a5	ITGA11_ITGB1
Col4a6	ITGA11_ITGB1
Col6a1	ITGA11_ITGB1
Col6a2	ITGA11_ITGB1
Col6a3	ITGA11_ITGB1
Col6a4	ITGA11_ITGB1
Col6a5	ITGA11_ITGB1
Col6a6	ITGA11_ITGB1
Col9a1	ITGA11_ITGB1
Col9a2	ITGA11_ITGB1
Col9a3	ITGA11_ITGB1
Fn1	ITGAV_ITGB1
Vtn	ITGAV_ITGB1
Dspp	ITGAV_ITGB1
Fn1	ITGA4_ITGB7
Fn1	ITGAV_ITGB3
Vtn	ITGAV_ITGB3
Vwf	ITGAV_ITGB3
Tnc	ITGAV_ITGB3
Tnr	ITGAV_ITGB3
Tnn	ITGAV_ITGB3
Tnxb	ITGAV_ITGB3
Ibsp	ITGAV_ITGB3
Thbs1	ITGAV_ITGB3
Thbs2	ITGAV_ITGB3
Thbs3	ITGAV_ITGB3
Thbs4	ITGAV_ITGB3
Comp	ITGAV_ITGB3
Dmp1	ITGAV_ITGB3
Fn1	ITGA2B_ITGB3
Vtn	ITGA2B_ITGB3
Vwf	ITGA2B_ITGB3
Tnc	ITGA2B_ITGB3
Tnr	ITGA2B_ITGB3
Tnn	ITGA2B_ITGB3
Tnxb	ITGA2B_ITGB3
Vtn	ITGAV_ITGB5
Ibsp	ITGAV_ITGB5
Tnc	ITGAV_ITGB6
Tnr	ITGAV_ITGB6
Tnn	ITGAV_ITGB6
Tnxb	ITGAV_ITGB6
Fn1	ITGAV_ITGB6
Dspp	ITGAV_ITGB6
Vtn	ITGAV_ITGB8
Fn1	ITGAV_ITGB8
Lama1	ITGAV_ITGB8
Lama2	ITGAV_ITGB8
Lama3	ITGAV_ITGB8
Lama4	ITGAV_ITGB8
Lama5	ITGAV_ITGB8
Lamb1	ITGAV_ITGB8
Lamb2	ITGAV_ITGB8
Lamb3	ITGAV_ITGB8
Lamc1	ITGAV_ITGB8
Lamc2	ITGAV_ITGB8
Lamc3	ITGAV_ITGB8
Col1a1	ITGAV_ITGB8
Col1a2	ITGAV_ITGB8
Col2a1	ITGAV_ITGB8
Col4a1	ITGAV_ITGB8
Col4a2	ITGAV_ITGB8
Col4a3	ITGAV_ITGB8
Col4a4	ITGAV_ITGB8
Col4a5	ITGAV_ITGB8
Col4a6	ITGAV_ITGB8
Col6a1	ITGAV_ITGB8
Col6a2	ITGAV_ITGB8
Col6a3	ITGAV_ITGB8
Col6a4	ITGAV_ITGB8
Col6a5	ITGAV_ITGB8
Col6a6	ITGAV_ITGB8
Col9a1	ITGAV_ITGB8
Col9a2	ITGAV_ITGB8
Col9a3	ITGAV_ITGB8
Lama1	ITGA6_ITGB4
Lama2	ITGA6_ITGB4
Lama3	ITGA6_ITGB4
Lama4	ITGA6_ITGB4
Lama5	ITGA6_ITGB4
Lamb1	ITGA6_ITGB4
Lamb2	ITGA6_ITGB4
Lamb3	ITGA6_ITGB4
Lamc1	ITGA6_ITGB4
Lamc2	ITGA6_ITGB4
Lamc3	ITGA6_ITGB4
Fn1	Cd44
Col1a1	Cd44
Col1a2	Cd44
Col2a1	Cd44
Col4a1	Cd44
Col4a2	Cd44
Col4a3	Cd44
Col4a4	Cd44
Col4a5	Cd44
Col4a6	Cd44
Col6a1	Cd44
Col6a2	Cd44
Col6a3	Cd44
Col6a4	Cd44
Col6a5	Cd44
Col6a6	Cd44
Col9a1	Cd44
Col9a2	Cd44
Col9a3	Cd44
Lama1	Cd44
Lama2	Cd44
Lama3	Cd44
Lama4	Cd44
Lama5	Cd44
Lamb1	Cd44
Lamb2	Cd44
Lamb3	Cd44
Lamc1	Cd44
Lamc2	Cd44
Lamc3	Cd44
Col1a1	Sdc1
Col1a2	Sdc1
Col2a1	Sdc1
Col4a1	Sdc1
Col4a2	Sdc1
Col4a3	Sdc1
Col4a4	Sdc1
Col4a5	Sdc1
Col4a6	Sdc1
Col6a1	Sdc1
Col6a2	Sdc1
Col6a3	Sdc1
Col6a4	Sdc1
Col6a5	Sdc1
Col6a6	Sdc1
Col9a1	Sdc1
Col9a2	Sdc1
Col9a3	Sdc1
Fn1	Sdc1
Tnc	Sdc1
Tnr	Sdc1
Tnn	Sdc1
Tnxb	Sdc1
Thbs1	Sdc1
Thbs2	Sdc1
Thbs3	Sdc1
Thbs4	Sdc1
Comp	Sdc1
Col1a1	Sdc4
Col1a2	Sdc4
Col2a1	Sdc4
Col4a1	Sdc4
Col4a2	Sdc4
Col4a3	Sdc4
Col4a4	Sdc4
Col4a5	Sdc4
Col4a6	Sdc4
Col6a1	Sdc4
Col6a2	Sdc4
Col6a3	Sdc4
Col6a4	Sdc4
Col6a5	Sdc4
Col6a6	Sdc4
Col9a1	Sdc4
Col9a2	Sdc4
Col9a3	Sdc4
Fn1	Sdc4
Tnc	Sdc4
Tnr	Sdc4
Tnn	Sdc4
Tnxb	Sdc4
Thbs1	Sdc4
Thbs2	Sdc4
Thbs3	Sdc4
Thbs4	Sdc4
Comp	Sdc4
Lama1	Sv2a
Lama2	Sv2a
Lama3	Sv2a
Lama4	Sv2a
Lama5	Sv2a
Lamb1	Sv2a
Lamb2	Sv2a
Lamb3	Sv2a
Lamc1	Sv2a
Lamc2	Sv2a
Lamc3	Sv2a
Lama1	Sv2b
Lama2	Sv2b
Lama3	Sv2b
Lama4	Sv2b
Lama5	Sv2b
Lamb1	Sv2b
Lamb2	Sv2b
Lamb3	Sv2b
Lamc1	Sv2b
Lamc2	Sv2b
Lamc3	Sv2b
Lama1	Sv2c
Lama2	Sv2c
Lama3	Sv2c
Lama4	Sv2c
Lama5	Sv2c
Lamb1	Sv2c
Lamb2	Sv2c
Lamb3	Sv2c
Lamc1	Sv2c
Lamc2	Sv2c
Lamc3	Sv2c
Thbs1	Cd36
Thbs2	Cd36
Thbs3	Cd36
Thbs4	Cd36
Comp	Cd36
Vwf	GP complex
Col1a1	Gp6
Col1a2	Gp6
Col2a1	Gp6
Col4a1	Gp6
Col4a2	Gp6
Col4a3	Gp6
Col4a4	Gp6
Col4a5	Gp6
Col4a6	Gp6
Col6a1	Gp6
Col6a2	Gp6
Col6a3	Gp6
Col6a4	Gp6
Col6a5	Gp6
Col6a6	Gp6
Col9a1	Gp6
Col9a2	Gp6
Col9a3	Gp6
Thbs1	Cd47
Thbs2	Cd47
Thbs3	Cd47
Thbs4	Cd47
Comp	Cd47
Agrn	Dag1
Hspg2	Dag1
Lama1	Dag1
Lama2	Dag1
Lama3	Dag1
Lama4	Dag1
Lama5	Dag1
Lamb1	Dag1
Lamb2	Dag1
Lamb3	Dag1
Lamc1	Dag1
Lamc2	Dag1
Lamc3	Dag1
Anxa1	FPR2_LXA4
App	Cd74
Bst2	Pira2
Cadm1	Cadm1
Cadm3	Cadm3
Cd1d2	Pira2
Cd200	Cd200r1
Cd200	Cd200r2
Cd200	Cd200r3
Cd200	Cd200r4
Fcer2a	ITGAM_ITGB2
Fcer2a	ITGAX_ITGB2
Fcer2a	ITGAV_ITGB3
Fcer2a	Cr2
Cd34	Selp
Entpd1	Adora1
Entpd1	Adora2a
Entpd1	Adora2b
Entpd1	Tmigd3
Cd40lg	Cd40
Ptprc	Cd22
Ptprc	Mrc1
Cd46	Jag1
Cd48	Cd244a
Cd52	Siglecg
Cd6	Alcam
Cd80	Cd274
Cd80	Cd28
Cd80	Ctla4
Cd86	Cd28
Cd86	Ctla4
Cd96	Pvr
Cd99	Pilra
Cd99	Cd99
Cdh15	Cdh15
Cdh4	Cdh4
Cdh2	Cdh2
Cdh1	Cdh1
Cdh1	ITGA2_ITGB1
Cdh1	ITGAE_ITGB7
Cdh1	Klrg1
Cdh5	Cdh5
Cd1d1	Ceacam5
Cd209a	Ceacam1
Cd8a	Ceacam5
Ceacam1	Ceacam5
Sele	Ceacam1
Cldn11	Cldn11
Clec2d	Klrb1b
Clec2g	Klrb1
Clec2h	Klrb1
Clec2i	Klrb1
Clec2f	Klrb1f
Clec2g	Klrb1f
Clec2i	Klrb1f
Nfasc	CNTN1_CNTNAP1
Cntn2	CNTN2_CNTNAP2
Cntn2	L1cam
Cntn2	Cntn2
Cntn1	Nrcam
Cspg4	ITGA3_ITGB1
Dsc1	Dsg1c
Dsc1	Dsg2
Dsc2	Dsg1c
Dsc2	Dsg2
Dsg1c	Dsc3
Dsg2	Dsc3
Epgn	Egfr
Efna1	Epha1
Efna1	Epha2
Efna1	Epha3
Efna1	Epha4
Efna1	Epha5
Efna1	Epha7
Efna1	Epha8
Efna2	Epha1
Efna2	Epha2
Efna2	Epha3
Efna2	Epha4
Efna2	Epha5
Efna2	Epha7
Efna2	Epha8
Efna3	Epha1
Efna3	Epha2
Efna3	Epha3
Efna3	Epha4
Efna3	Epha5
Efna3	Epha7
Efna3	Epha8
Efna4	Epha1
Efna4	Epha2
Efna4	Epha3
Efna4	Epha4
Efna4	Epha5
Efna4	Epha7
Efna4	Epha8
Efna5	Epha1
Efna5	Epha2
Efna5	Epha3
Efna5	Epha4
Efna5	Epha5
Efna5	Epha7
Efna5	Epha8
Efna5	Ephb2
Efnb1	Epha4
Efnb1	Ephb1
Efnb1	Ephb2
Efnb1	Ephb3
Efnb1	Ephb4
Efnb2	Epha4
Efnb2	Ephb1
Efnb2	Ephb2
Efnb2	Ephb3
Efnb2	Ephb4
Efnb3	Epha4
Efnb3	Ephb1
Efnb3	Ephb2
Efnb3	Ephb3
Efnb3	Ephb4
Efnb3	Ephb6
Esam	Esam
Gp1ba	ITGAM_ITGB2
Icam1	ITGAX_ITGB2
Icam1	ITGAL_ITGB2
Icam2	ITGAL_ITGB2
Icam1	ITGAM_ITGB2
Icam2	ITGAM_ITGB2
Icam1	ITGAL_ITGB2L
Icam2	ITGAL_ITGB2L
Icam1	ITGAM_ITGB2L
Icam2	ITGAM_ITGB2L
Icam1	Itgal
Icam1	Spn
Icam5	Cd209a
Icam5	Cd209f
Icosl	Icos
Icosl	Cd28
Icosl	Ctla4
Jam2	ITGA3_ITGB1
Jam2	ITGAV_ITGB1
Jam3	ITGAM_ITGB2
F11r	ITGAL_ITGB2
Jam3	ITGAM_ITGB2L
Jam2	Jam3
F11r	F11r
Jam2	F11r
Jam2	Jam2
Jam3	F11r
Jam3	Jam3
L1cam	ITGAV_ITGB3
L1cam	ITGA4_ITGB7
L1cam	L1cam
Lair1	Pira2
Lck	CD8 receptor
Madcam1	ITGA4_ITGB7
Mag	Mag
H2-T23	KLRD1_KLRC1
H2-T23	KLRD1_KLRC2
H2-M2	Cd8a
H2-M3	Cd8a
H2-M9	Cd8a
H2-Q1	Cd8a
H2-Q10	Cd8a
H2-Q2	Cd8a
H2-Q7	Cd8a
H2-Q8	Cd8a
H2-T22	Cd8a
H2-T23	Cd8a
H2-T24	Cd8a
H2-T3	Cd8a
H2-T9	Cd8a
H2-M10.4	Cd8a
H2-M11	Cd8a
H2-M1	Cd8a
H2-M10.5	Cd8a
H2-M10.2	Cd8a
H2-M10.6	Cd8a
H2-T10	Cd8a
H2-Q6	Cd8a
H2-M10.3	Cd8a
H2-Bl	Cd8a
H2-D1	Cd8a
H2-K1	Cd8a
H2-M10.1	Cd8a
H2-T18	Cd8a
H2-Q9	Cd8a
H2-T26	Cd8a
H2-L	Cd8a
Gm10499	Cd8a
H2-Q4	Cd8a
H2-T-ps	Cd8a
H2-T27	Cd8a
H2-M5	Cd8a
H2-T25	Cd8a
H2-M2	Cd8b1
H2-M3	Cd8b1
H2-M9	Cd8b1
H2-Q1	Cd8b1
H2-Q10	Cd8b1
H2-Q2	Cd8b1
H2-Q7	Cd8b1
H2-Q8	Cd8b1
H2-T22	Cd8b1
H2-T23	Cd8b1
H2-T24	Cd8b1
H2-T3	Cd8b1
H2-T9	Cd8b1
H2-M10.4	Cd8b1
H2-M11	Cd8b1
H2-M1	Cd8b1
H2-M10.5	Cd8b1
H2-M10.2	Cd8b1
H2-M10.6	Cd8b1
H2-T10	Cd8b1
H2-Q6	Cd8b1
H2-M10.3	Cd8b1
H2-Bl	Cd8b1
H2-D1	Cd8b1
H2-K1	Cd8b1
H2-M10.1	Cd8b1
H2-T18	Cd8b1
H2-Q9	Cd8b1
H2-T26	Cd8b1
H2-L	Cd8b1
Gm10499	Cd8b1
H2-Q4	Cd8b1
H2-T-ps	Cd8b1
H2-T27	Cd8b1
H2-M5	Cd8b1
H2-T25	Cd8b1
H2-D1	Kir3dl1
H2-K1	Kir3dl1
H2-Q1	Kir3dl1
H2-Q10	Kir3dl1
H2-Q2	Kir3dl1
H2-Q4	Kir3dl1
H2-Q6	Kir3dl1
H2-Q7	Kir3dl1
H2-D	Klra
H2-K1	Klra
Ulbp1	Klrk1
Raet1a	Klrk1
H60a	Klrk1
H2-Ea	Cd4
H2-Aa	Cd4
H2-Ab1	Cd4
H2-Eb1	Cd4
H2-DMa	Cd4
H2-DMb1	Cd4
H2-DMb2	Cd4
H2-Oa	Cd4
H2-Ob	Cd4
Mpz	Mpzl1
Mpz	Mpz
Mpzl1	Mpzl1
Ncam1	Fgfr1
Ncam1	Ncam1
Ncam1	Ncam2
Ncam1	L1cam
Ncam2	L1cam
Nectin1	Cadm3
Nectin1	Cd96
Nectin1	Nectin4
Nectin3	Nectin2
Nectin3	Pvr
Nectin3	Tigit
Nectin2	Cd226
Nectin2	Tigit
Nectin1	Nectin3
Negr1	Negr1
Lrrc4c	Ntng1
Lrrc4	Ntng2
Lrrc4b	Ptprf
Ulbp1	KLRK1_HCST
Dlk1	Notch1
Dlk1	Notch2
Dlk1	Notch3
Dlk1	Notch4
Dll1	Notch1
Dll1	Notch3
Dll1	Notch4
Dll3	Notch1
Dll3	Notch2
Dll3	Notch3
Dll3	Notch4
Dll4	Notch1
Dll4	Notch2
Dll4	Notch3
Dll4	Notch4
Jag1	Notch1
Jag1	Notch2
Jag1	Notch3
Jag1	Notch4
Jag2	Notch1
Jag2	Notch2
Jag2	Notch3
Jag2	Notch4
Dll1	Notch2
Nrxn1	Nlgn1
Nrxn1	Nlgn2
Nrxn1	Nlgn3
Nrxn2	Nlgn1
Nrxn2	Nlgn2
Nrxn2	Nlgn3
Nrxn3	Nlgn1
Nrxn3	Nlgn2
Nrxn3	Nlgn3
Ocln	Ocln
Cd274	Pdcd1
Pdcd1lg2	Pdcd1
Pecam1	Pecam1
Ptprm	Ptprm
Pvr	Cd226
Pvr	Tigit
Sele	Cd44
Sele	Glg1
Sell	Cd34
Sell	Podxl
Sell	Glycam1
Sell	Madcam1
Selplg	Sele
Selplg	Sell
Selplg	Selp
Sema4a	NRP1_PLXNA1
Sema4a	NRP1_PLXNA2
Sema4a	NRP1_PLXNA3
Sema4a	NRP1_PLXNA4
Sema4a	Plxnb1
Sema4a	Plxnb2
Sema4a	Plxnb3
Sema4d	Plxnb1
Sema4d	Plxnb2
Sema4d	Plxnb3
Sema4c	Plxnb2
Sema4g	Plxnb2
Sema4a	Timd2
Sema4d	Cd72
Sema5a	Plxna1
Sema5b	Plxna1
Sema5a	Plxna3
Sema5b	Plxna3
Sema5a	Plxnb3
Sema6d	PLXNA1_KDR
Sema6d	PLXNA1_TREM2
Sema6d	Plxna1
Sema6a	Plxna2
Sema6b	Plxna2
Sema6a	Plxna4
Sema6b	Plxna4
Sema7a	ITGB1_ITGA1
Sema7a	Plxnc1
Siglec1	Spn
Thy1	ITGAM_ITGB2
Thy1	ITGAX_ITGB2
Thy1	ITGAV_ITGB3
ITGA4_ITGB1	Vcam1
ITGA9_ITGB1	Vcam1
ITGA4_ITGB7	Vcam1
Vsir	Igsf11
Cdh3	Cdh3
Cdh12	ITGA1_ITGB1
Dsc1	Dsg3
Dsc1	Dsg4
Dsc2	Dsg3
Dsc2	Dsg4
Dsc3	Dsg3
Dsc3	Dsg4
Gja5	Gja5
Gja1	Gja5
Gja6	Gja5
Gjc1	Gja5
Gja3	Gja5
Gja1	Gja1
Gja1	Gja6
Gja6	Gja6
Gjc1	Gja1
Gjc1	Gja6
Gja3	Gja1
Gja3	Gja6
Gjc1	Gjc1
Gja3	Gjc1
Gja3	Gja3
Cldn1	Cldn1
Cldn2	Cldn2
Cldn3	Cldn3
Pcdha9	Pcdha9
Pcdha11	Pcdha11
Pcdha10	Pcdha10
Pcdha12	Pcdha12
Pcdha1	Pcdha1
Pcdha2	Pcdha2
Pcdha3	Pcdha3
Pcdha4b	Pcdha4b
Pcdha4b	Pcdha4
Pcdha4	Pcdha4
Pcdha5	Pcdha5
Pcdha6	Pcdha6
Pcdha7	Pcdha7
Pcdha8	Pcdha8
Pcdhac1	Pcdhac1
Pcdhac2	Pcdhac2
Pcdhb1	Pcdhb1
Pcdhb18	Pcdhb18
Pcdhb19	Pcdhb19
Pcdhb19	Pcdhb21
Pcdhb21	Pcdhb21
Pcdhb16	Pcdhb16
Pcdhb20	Pcdhb20
Pcdhb22	Pcdhb22
Pcdhb17	Pcdhb17
Pcdhb2	Pcdhb2
Pcdhb3	Pcdhb3
Pcdhb7	Pcdhb7
Pcdhb7	Pcdhb5
Pcdhb7	Pcdhb9
Pcdhb5	Pcdhb5
Pcdhb5	Pcdhb9
Pcdhb9	Pcdhb9
Pcdhb4	Pcdhb4
Pcdhb4	Pcdhb12
Pcdhb4	Pcdhb10
Pcdhb4	Pcdhb11
Pcdhb4	Pcdhb8
Pcdhb4	Pcdhb6
Pcdhb12	Pcdhb12
Pcdhb12	Pcdhb10
Pcdhb12	Pcdhb11
Pcdhb12	Pcdhb8
Pcdhb12	Pcdhb6
Pcdhb10	Pcdhb10
Pcdhb10	Pcdhb11
Pcdhb10	Pcdhb8
Pcdhb10	Pcdhb6
Pcdhb11	Pcdhb11
Pcdhb11	Pcdhb8
Pcdhb11	Pcdhb6
Pcdhb8	Pcdhb8
Pcdhb8	Pcdhb6
Pcdhb6	Pcdhb6
Pcdhb13	Pcdhb13
Pcdhb15	Pcdhb15
Pcdhga1	Pcdhga1
Pcdhga10	Pcdhga10
Pcdhga11	Pcdhga11
Pcdhga12	Pcdhga12
Pcdhga2	Pcdhga2
Pcdhga3	Pcdhga3
Pcdhga4	Pcdhga4
Pcdhga5	Pcdhga5
Pcdhga6	Pcdhga6
Pcdhga7	Pcdhga7
Pcdhga8	Pcdhga8
Pcdhga9	Pcdhga9
Pcdhgb1	Pcdhgb1
Pcdhgb2	Pcdhgb2
Pcdhgb8	Pcdhgb8
Pcdhgb4	Pcdhgb4
Pcdhgb5	Pcdhgb5
Pcdhgb6	Pcdhgb6
Pcdhgb7	Pcdhgb7
Pcdhgc3	Pcdhgc3
Pcdhgc4	Pcdhgc4
Pcdhgc5	Pcdhgc5
Klk6	F2r
Klk6	F2rl1
Klk5	F2rl1
Klk4	F2r
Klk1	F2r
Klk14	F2r
Klk4	F2rl1
Klk14	F2rl1
Klk7	F2rl1
Klk8	F2r
Adm	CALCR_RAMP1
Adm	CALCR_RAMP2
Adm	CALCR_RAMP3
Adm	CALCRL_RAMP1
Adm	CALCRL_RAMP2
Adm	CALCRL_RAMP3
Calca	CALCR_RAMP1
Calca	CALCR_RAMP2
Calca	CALCR_RAMP3
Calca	CALCRL_RAMP1
Calca	CALCRL_RAMP2
Calca	CALCRL_RAMP3
Calcb	CALCR_RAMP1
Calcb	CALCR_RAMP2
Calcb	CALCR_RAMP3
Calcb	CALCRL_RAMP1
Calcb	CALCRL_RAMP2
Calcb	CALCRL_RAMP3
Iapp	CALCR_RAMP1
Iapp	CALCR_RAMP2
Iapp	CALCR_RAMP3
Iapp	CALCRL_RAMP1
Iapp	CALCRL_RAMP2
Iapp	CALCRL_RAMP3
Proc	PROCR_HSP90AA1
Proc	PROCR_F2R
Vtn	Plaur
5-HT-TPH1_SLC18A1	HTR3_complex
5-HT-TPH1_SLC18A2	HTR3_complex
5-HT-TPH1_SLC6A4	HTR3_complex
5-HT-TPH2_SLC18A1	HTR3_complex
5-HT-TPH2_SLC18A2	HTR3_complex
5-HT-TPH2_SLC6A4	HTR3_complex
Ach-CHAT_SLC10A4	CHRN_A1_2B1DE
Ach-CHAT_SLC10A4	CHRN_A1_2B1DG
Ach-CHAT_SLC10A4	CHRN_A3B4
Ach-CHAT_SLC10A4	CHRN_A4B2
Ach-CHAT_SLC10A4	Chrna7
Ach-CHAT_SLC18A3	CHRN_A1_2B1DE
Ach-CHAT_SLC18A3	CHRN_A1_2B1DG
Ach-CHAT_SLC18A3	CHRN_A3B4
Ach-CHAT_SLC18A3	CHRN_A4B2
Ach-CHAT_SLC18A3	Chrna7
Ach-CHAT_SLC5A7	CHRN_A1_2B1DE
Ach-CHAT_SLC5A7	CHRN_A1_2B1DG
Ach-CHAT_SLC5A7	CHRN_A3B4
Ach-CHAT_SLC5A7	CHRN_A4B2
Ach-CHAT_SLC5A7	Chrna7
GABA-GAD1_SLC32A1	GABR_A1B3G2
GABA-GAD1_SLC32A1	GABR_A1B2G2
GABA-GAD1_SLC32A1	GABR_A1B2
GABA-GAD1_SLC32A1	GABR_A1B3
GABA-GAD1_SLC32A1	GABR_A1B2D
GABA-GAD1_SLC32A1	GABR_A2B3G2
GABA-GAD1_SLC32A1	GABR_A3B3G2
GABA-GAD1_SLC32A1	GABR_A3B3Q
GABA-GAD1_SLC32A1	GABR_A3B3E
GABA-GAD1_SLC32A1	GABR_A4B3G2
GABA-GAD1_SLC32A1	GABR_A4B3D
GABA-GAD1_SLC32A1	GABR_A4B2D
GABA-GAD1_SLC32A1	GABR_A5B3G2
GABA-GAD1_SLC32A1	GABR_A6B3G2
GABA-GAD1_SLC32A1	GABR_A6B3D
GABA-GAD1_SLC6A1	GABR_A1B3G2
GABA-GAD1_SLC6A1	GABR_A1B2G2
GABA-GAD1_SLC6A1	GABR_A1B2
GABA-GAD1_SLC6A1	GABR_A1B3
GABA-GAD1_SLC6A1	GABR_A1B2D
GABA-GAD1_SLC6A1	GABR_A2B3G2
GABA-GAD1_SLC6A1	GABR_A3B3G2
GABA-GAD1_SLC6A1	GABR_A3B3Q
GABA-GAD1_SLC6A1	GABR_A3B3E
GABA-GAD1_SLC6A1	GABR_A4B3G2
GABA-GAD1_SLC6A1	GABR_A4B3D
GABA-GAD1_SLC6A1	GABR_A4B2D
GABA-GAD1_SLC6A1	GABR_A5B3G2
GABA-GAD1_SLC6A1	GABR_A6B3G2
GABA-GAD1_SLC6A1	GABR_A6B3D
GABA-GAD1_SLC6A11	GABR_A1B3G2
GABA-GAD1_SLC6A11	GABR_A1B2G2
GABA-GAD1_SLC6A11	GABR_A1B2
GABA-GAD1_SLC6A11	GABR_A1B3
GABA-GAD1_SLC6A11	GABR_A1B2D
GABA-GAD1_SLC6A11	GABR_A2B3G2
GABA-GAD1_SLC6A11	GABR_A3B3G2
GABA-GAD1_SLC6A11	GABR_A3B3Q
GABA-GAD1_SLC6A11	GABR_A3B3E
GABA-GAD1_SLC6A11	GABR_A4B3G2
GABA-GAD1_SLC6A11	GABR_A4B3D
GABA-GAD1_SLC6A11	GABR_A4B2D
GABA-GAD1_SLC6A11	GABR_A5B3G2
GABA-GAD1_SLC6A11	GABR_A6B3G2
GABA-GAD1_SLC6A11	GABR_A6B3D
GABA-GAD1_SLC6A12	GABR_A1B3G2
GABA-GAD1_SLC6A12	GABR_A1B2G2
GABA-GAD1_SLC6A12	GABR_A1B2
GABA-GAD1_SLC6A12	GABR_A1B3
GABA-GAD1_SLC6A12	GABR_A1B2D
GABA-GAD1_SLC6A12	GABR_A2B3G2
GABA-GAD1_SLC6A12	GABR_A3B3G2
GABA-GAD1_SLC6A12	GABR_A3B3Q
GABA-GAD1_SLC6A12	GABR_A3B3E
GABA-GAD1_SLC6A12	GABR_A4B3G2
GABA-GAD1_SLC6A12	GABR_A4B3D
GABA-GAD1_SLC6A12	GABR_A4B2D
GABA-GAD1_SLC6A12	GABR_A5B3G2
GABA-GAD1_SLC6A12	GABR_A6B3G2
GABA-GAD1_SLC6A12	GABR_A6B3D
GABA-GAD1_SLC6A13	GABR_A1B3G2
GABA-GAD1_SLC6A13	GABR_A1B2G2
GABA-GAD1_SLC6A13	GABR_A1B2
GABA-GAD1_SLC6A13	GABR_A1B3
GABA-GAD1_SLC6A13	GABR_A1B2D
GABA-GAD1_SLC6A13	GABR_A2B3G2
GABA-GAD1_SLC6A13	GABR_A3B3G2
GABA-GAD1_SLC6A13	GABR_A3B3Q
GABA-GAD1_SLC6A13	GABR_A3B3E
GABA-GAD1_SLC6A13	GABR_A4B3G2
GABA-GAD1_SLC6A13	GABR_A4B3D
GABA-GAD1_SLC6A13	GABR_A4B2D
GABA-GAD1_SLC6A13	GABR_A5B3G2
GABA-GAD1_SLC6A13	GABR_A6B3G2
GABA-GAD1_SLC6A13	GABR_A6B3D
GABA-GAD1_SLC6A6	GABR_A1B3G2
GABA-GAD1_SLC6A6	GABR_A1B2G2
GABA-GAD1_SLC6A6	GABR_A1B2
GABA-GAD1_SLC6A6	GABR_A1B3
GABA-GAD1_SLC6A6	GABR_A1B2D
GABA-GAD1_SLC6A6	GABR_A2B3G2
GABA-GAD1_SLC6A6	GABR_A3B3G2
GABA-GAD1_SLC6A6	GABR_A3B3Q
GABA-GAD1_SLC6A6	GABR_A3B3E
GABA-GAD1_SLC6A6	GABR_A4B3G2
GABA-GAD1_SLC6A6	GABR_A4B3D
GABA-GAD1_SLC6A6	GABR_A4B2D
GABA-GAD1_SLC6A6	GABR_A5B3G2
GABA-GAD1_SLC6A6	GABR_A6B3G2
GABA-GAD1_SLC6A6	GABR_A6B3D
GABA-GAD1_SLC6A8	GABR_A1B3G2
GABA-GAD1_SLC6A8	GABR_A1B2G2
GABA-GAD1_SLC6A8	GABR_A1B2
GABA-GAD1_SLC6A8	GABR_A1B3
GABA-GAD1_SLC6A8	GABR_A1B2D
GABA-GAD1_SLC6A8	GABR_A2B3G2
GABA-GAD1_SLC6A8	GABR_A3B3G2
GABA-GAD1_SLC6A8	GABR_A3B3Q
GABA-GAD1_SLC6A8	GABR_A3B3E
GABA-GAD1_SLC6A8	GABR_A4B3G2
GABA-GAD1_SLC6A8	GABR_A4B3D
GABA-GAD1_SLC6A8	GABR_A4B2D
GABA-GAD1_SLC6A8	GABR_A5B3G2
GABA-GAD1_SLC6A8	GABR_A6B3G2
GABA-GAD1_SLC6A8	GABR_A6B3D
GABA-GAD2_SLC32A1	GABR_A1B3G2
GABA-GAD2_SLC32A1	GABR_A1B2G2
GABA-GAD2_SLC32A1	GABR_A1B2
GABA-GAD2_SLC32A1	GABR_A1B3
GABA-GAD2_SLC32A1	GABR_A1B2D
GABA-GAD2_SLC32A1	GABR_A2B3G2
GABA-GAD2_SLC32A1	GABR_A3B3G2
GABA-GAD2_SLC32A1	GABR_A3B3Q
GABA-GAD2_SLC32A1	GABR_A3B3E
GABA-GAD2_SLC32A1	GABR_A4B3G2
GABA-GAD2_SLC32A1	GABR_A4B3D
GABA-GAD2_SLC32A1	GABR_A4B2D
GABA-GAD2_SLC32A1	GABR_A5B3G2
GABA-GAD2_SLC32A1	GABR_A6B3G2
GABA-GAD2_SLC32A1	GABR_A6B3D
GABA-GAD2_SLC6A1	GABR_A1B3G2
GABA-GAD2_SLC6A1	GABR_A1B2G2
GABA-GAD2_SLC6A1	GABR_A1B2
GABA-GAD2_SLC6A1	GABR_A1B3
GABA-GAD2_SLC6A1	GABR_A1B2D
GABA-GAD2_SLC6A1	GABR_A2B3G2
GABA-GAD2_SLC6A1	GABR_A3B3G2
GABA-GAD2_SLC6A1	GABR_A3B3Q
GABA-GAD2_SLC6A1	GABR_A3B3E
GABA-GAD2_SLC6A1	GABR_A4B3G2
GABA-GAD2_SLC6A1	GABR_A4B3D
GABA-GAD2_SLC6A1	GABR_A4B2D
GABA-GAD2_SLC6A1	GABR_A5B3G2
GABA-GAD2_SLC6A1	GABR_A6B3G2
GABA-GAD2_SLC6A1	GABR_A6B3D
GABA-GAD2_SLC6A11	GABR_A1B3G2
GABA-GAD2_SLC6A11	GABR_A1B2G2
GABA-GAD2_SLC6A11	GABR_A1B2
GABA-GAD2_SLC6A11	GABR_A1B3
GABA-GAD2_SLC6A11	GABR_A1B2D
GABA-GAD2_SLC6A11	GABR_A2B3G2
GABA-GAD2_SLC6A11	GABR_A3B3G2
GABA-GAD2_SLC6A11	GABR_A3B3Q
GABA-GAD2_SLC6A11	GABR_A3B3E
GABA-GAD2_SLC6A11	GABR_A4B3G2
GABA-GAD2_SLC6A11	GABR_A4B3D
GABA-GAD2_SLC6A11	GABR_A4B2D
GABA-GAD2_SLC6A11	GABR_A5B3G2
GABA-GAD2_SLC6A11	GABR_A6B3G2
GABA-GAD2_SLC6A11	GABR_A6B3D
GABA-GAD2_SLC6A12	GABR_A1B3G2
GABA-GAD2_SLC6A12	GABR_A1B2G2
GABA-GAD2_SLC6A12	GABR_A1B2
GABA-GAD2_SLC6A12	GABR_A1B3
GABA-GAD2_SLC6A12	GABR_A1B2D
GABA-GAD2_SLC6A12	GABR_A2B3G2
GABA-GAD2_SLC6A12	GABR_A3B3G2
GABA-GAD2_SLC6A12	GABR_A3B3Q
GABA-GAD2_SLC6A12	GABR_A3B3E
GABA-GAD2_SLC6A12	GABR_A4B3G2
GABA-GAD2_SLC6A12	GABR_A4B3D
GABA-GAD2_SLC6A12	GABR_A4B2D
GABA-GAD2_SLC6A12	GABR_A5B3G2
GABA-GAD2_SLC6A12	GABR_A6B3G2
GABA-GAD2_SLC6A12	GABR_A6B3D
GABA-GAD2_SLC6A13	GABR_A1B3G2
GABA-GAD2_SLC6A13	GABR_A1B2G2
GABA-GAD2_SLC6A13	GABR_A1B2
GABA-GAD2_SLC6A13	GABR_A1B3
GABA-GAD2_SLC6A13	GABR_A1B2D
GABA-GAD2_SLC6A13	GABR_A2B3G2
GABA-GAD2_SLC6A13	GABR_A3B3G2
GABA-GAD2_SLC6A13	GABR_A3B3Q
GABA-GAD2_SLC6A13	GABR_A3B3E
GABA-GAD2_SLC6A13	GABR_A4B3G2
GABA-GAD2_SLC6A13	GABR_A4B3D
GABA-GAD2_SLC6A13	GABR_A4B2D
GABA-GAD2_SLC6A13	GABR_A5B3G2
GABA-GAD2_SLC6A13	GABR_A6B3G2
GABA-GAD2_SLC6A13	GABR_A6B3D
GABA-GAD2_SLC6A6	GABR_A1B3G2
GABA-GAD2_SLC6A6	GABR_A1B2G2
GABA-GAD2_SLC6A6	GABR_A1B2
GABA-GAD2_SLC6A6	GABR_A1B3
GABA-GAD2_SLC6A6	GABR_A1B2D
GABA-GAD2_SLC6A6	GABR_A2B3G2
GABA-GAD2_SLC6A6	GABR_A3B3G2
GABA-GAD2_SLC6A6	GABR_A3B3Q
GABA-GAD2_SLC6A6	GABR_A3B3E
GABA-GAD2_SLC6A6	GABR_A4B3G2
GABA-GAD2_SLC6A6	GABR_A4B3D
GABA-GAD2_SLC6A6	GABR_A4B2D
GABA-GAD2_SLC6A6	GABR_A5B3G2
GABA-GAD2_SLC6A6	GABR_A6B3G2
GABA-GAD2_SLC6A6	GABR_A6B3D
GABA-GAD2_SLC6A8	GABR_A1B3G2
GABA-GAD2_SLC6A8	GABR_A1B2G2
GABA-GAD2_SLC6A8	GABR_A1B2
GABA-GAD2_SLC6A8	GABR_A1B3
GABA-GAD2_SLC6A8	GABR_A1B2D
GABA-GAD2_SLC6A8	GABR_A2B3G2
GABA-GAD2_SLC6A8	GABR_A3B3G2
GABA-GAD2_SLC6A8	GABR_A3B3Q
GABA-GAD2_SLC6A8	GABR_A3B3E
GABA-GAD2_SLC6A8	GABR_A4B3G2
GABA-GAD2_SLC6A8	GABR_A4B3D
GABA-GAD2_SLC6A8	GABR_A4B2D
GABA-GAD2_SLC6A8	GABR_A5B3G2
GABA-GAD2_SLC6A8	GABR_A6B3G2
GABA-GAD2_SLC6A8	GABR_A6B3D
Gly-SHMT1_SLC6A5	GLRA1_GLRB
Gly-SHMT1_SLC6A5	Glra2
Gly-SHMT1_SLC6A9	GLRA1_GLRB
Gly-SHMT1_SLC6A9	Glra2
Gly-SHMT2_SLC6A5	GLRA1_GLRB
Gly-SHMT2_SLC6A5	Glra2
Gly-SHMT2_SLC6A9	GLRA1_GLRB
Gly-SHMT2_SLC6A9	Glra2
Sdc1	Adgra2
Sdc2	Adgra2
ITGAV_ITGB3	Adgra2
Tax1bp3	Adgrb1
Rtn4r	Adgrb1
ITGAV_ITGB5	Adgrb1
Tax1bp3	Adgrb2
C1ql1	Adgrb3
C1ql2	Adgrb3
C1ql3	Adgrb3
C1ql4	Adgrb3
Thy1	Adgre5
ITGAV_ITGB1	Adgre5
ITGAV_ITGB3	Adgre5
Cd55	Adgre5
Cd55b	Adgre5
Lpar1	Adgre5
Lpar2	Adgre5
Lpar3	Adgre5
Sftpd	Adgre5
Col3a1	Adgrg1
Gast	Adgrg1
Tgm2	Adgrg1
Col4a1	Adgrg6
Col4a2	Adgrg6
Col4a3	Adgrg6
Col4a4	Adgrg6
Col4a5	Adgrg6
Col4a6	Adgrg6
Lama2	Adgrg6
Prnp	Adgrg6
Flrt1	Adgrl1
Flrt2	Adgrl1
Flrt3	Adgrl1
Nrxn1	Adgrl1
Nrxn2	Adgrl1
Nrxn3	Adgrl1
Tenm1	Adgrl1
Tenm2	Adgrl1
Tenm3	Adgrl1
Tenm4	Adgrl1
TENM2_FLRT1	Adgrl1
TENM2_FLRT3	Adgrl1
TENM4_FLRT1	Adgrl1
TENM4_FLRT3	Adgrl1
Flrt1	Adgrl2
Flrt2	Adgrl2
Flrt3	Adgrl2
Tenm1	Adgrl2
Tenm2	Adgrl2
Tenm3	Adgrl2
Tenm4	Adgrl2
TENM2_FLRT3	Adgrl2
Flrt1	Adgrl3
Flrt2	Adgrl3
Flrt3	Adgrl3
Tenm1	Adgrl3
Tenm2	Adgrl3
Tenm3	Adgrl3
Tenm4	Adgrl3
Unc5a	Adgrl3
TENM3_FLRT1	Adgrl3
TENM3_FLRT3	Adgrl3
Flrt1	Flrt1
Flrt2	Flrt2
Flrt3	Flrt3
Flrt1	Unc5a
Flrt2	Unc5a
Flrt3	Unc5a
Flrt1	Unc5b
Flrt2	Unc5b
Flrt3	Unc5b
Flrt1	Unc5c
Flrt2	Unc5c
Flrt3	Unc5c
Flrt1	Unc5d
Flrt2	Unc5d
Flrt3	Unc5d
ADO-NT5E_SLC29A1	Adora1
ADO-NT5E_SLC29A2	Adora1
ADO-NT5E_SLC29A3	Adora1
ADO-NT5E_SLC29A4	Adora1
ADO-NT5E_SLC29A1	Adora2a
ADO-NT5E_SLC29A2	Adora2a
ADO-NT5E_SLC29A3	Adora2a
ADO-NT5E_SLC29A4	Adora2a
ADO-NT5E_SLC29A1	Adora2b
ADO-NT5E_SLC29A2	Adora2b
ADO-NT5E_SLC29A3	Adora2b
ADO-NT5E_SLC29A4	Adora2b
ADO-NT5E_SLC29A1	Adora3
ADO-NT5E_SLC29A2	Adora3
ADO-NT5E_SLC29A3	Adora3
ADO-NT5E_SLC29A4	Adora3
ADR-PNMT_SLC18A1	Adra1a
ADR-PNMT_SLC18A2	Adra1a
NE-DBH_SLC18A1	Adra1a
NE-DBH_SLC18A2	Adra1a
NE-DBH_SLC6A2	Adra1a
ADR-PNMT_SLC18A1	Adra1b
ADR-PNMT_SLC18A2	Adra1b
NE-DBH_SLC18A1	Adra1b
NE-DBH_SLC18A2	Adra1b
NE-DBH_SLC6A2	Adra1b
ADR-PNMT_SLC18A1	Adra1d
ADR-PNMT_SLC18A2	Adra1d
NE-DBH_SLC18A1	Adra1d
NE-DBH_SLC18A2	Adra1d
NE-DBH_SLC6A2	Adra1d
ADR-PNMT_SLC18A1	Adra2a
ADR-PNMT_SLC18A2	Adra2a
NE-DBH_SLC18A1	Adra2a
NE-DBH_SLC18A2	Adra2a
NE-DBH_SLC6A2	Adra2a
ADR-PNMT_SLC18A1	Adra2b
ADR-PNMT_SLC18A2	Adra2b
NE-DBH_SLC18A1	Adra2b
NE-DBH_SLC18A2	Adra2b
NE-DBH_SLC6A2	Adra2b
ADR-PNMT_SLC18A1	Adra2c
ADR-PNMT_SLC18A2	Adra2c
NE-DBH_SLC18A1	Adra2c
NE-DBH_SLC18A2	Adra2c
NE-DBH_SLC6A2	Adra2c
ADR-PNMT_SLC18A1	Adrb1
ADR-PNMT_SLC18A2	Adrb1
NE-DBH_SLC18A1	Adrb1
NE-DBH_SLC18A2	Adrb1
NE-DBH_SLC6A2	Adrb1
ADR-PNMT_SLC18A1	Adrb2
ADR-PNMT_SLC18A2	Adrb2
NE-DBH_SLC18A1	Adrb2
NE-DBH_SLC18A2	Adrb2
NE-DBH_SLC6A2	Adrb2
ADR-PNMT_SLC18A1	Adrb3
ADR-PNMT_SLC18A2	Adrb3
NE-DBH_SLC18A1	Adrb3
NE-DBH_SLC18A2	Adrb3
NE-DBH_SLC6A2	Adrb3
Agt	Agtr2
Ach-CHAT_SLC10A4	Chrm1
Ach-CHAT_SLC18A3	Chrm1
Ach-CHAT_SLC5A7	Chrm1
Ach-CHAT_SLC10A4	Chrm2
Ach-CHAT_SLC18A3	Chrm2
Ach-CHAT_SLC5A7	Chrm2
Ach-CHAT_SLC10A4	Chrm3
Ach-CHAT_SLC18A3	Chrm3
Ach-CHAT_SLC5A7	Chrm3
Ach-CHAT_SLC10A4	Chrm4
Ach-CHAT_SLC18A3	Chrm4
Ach-CHAT_SLC5A7	Chrm4
Ach-CHAT_SLC10A4	Chrm5
Ach-CHAT_SLC18A3	Chrm5
Ach-CHAT_SLC5A7	Chrm5
Nrxn1	Clstn1
Nrxn2	Clstn1
Nrxn1	Clstn2
Nrxn2	Clstn2
Nrxn1	Clstn3
Nrxn2	Clstn3
LTC4-LTC4S	Cysltr1
LTD4-GGT1	Cysltr1
LTE4-DPEP1	Cysltr1
LTE4-DPEP2	Cysltr1
LTE4-DPEP3	Cysltr1
LTC4-LTC4S	Cysltr2
LTD4-GGT1	Cysltr2
LTE4-DPEP1	Cysltr2
LTE4-DPEP2	Cysltr2
LTE4-DPEP3	Cysltr2
Nrxn1	Dag1
Nrxn2	Dag1
DOPA-DDC_SLC18A1	Drd1
DOPA-DDC_SLC18A2	Drd1
DOPA-DDC_SLC6A3	Drd1
DOPA-DDC_SLC18A1	Drd2
DOPA-DDC_SLC18A2	Drd2
DOPA-DDC_SLC6A3	Drd2
DOPA-DDC_SLC18A1	Drd3
DOPA-DDC_SLC18A2	Drd3
DOPA-DDC_SLC6A3	Drd3
DOPA-DDC_SLC18A1	Drd4
DOPA-DDC_SLC18A2	Drd4
DOPA-DDC_SLC6A3	Drd4
DOPA-DDC_SLC18A1	Drd5
DOPA-DDC_SLC18A2	Drd5
DOPA-DDC_SLC6A3	Drd5
Tafa4	Fpr1
Ctsg	Fpr1
LXA4-ALOX12	Fpr-rs7
LXA4-ALOX12	Fpr-rs6
LXA4-ALOX12	Fpr3
LXA4-ALOX12	Fpr-rs4
LXA4-ALOX12	Fpr-rs3
LXA4-ALOX12	Fpr2
LXA4-ALOX5	Fpr-rs7
LXA4-ALOX5	Fpr-rs6
LXA4-ALOX5	Fpr3
LXA4-ALOX5	Fpr-rs4
LXA4-ALOX5	Fpr-rs3
LXA4-ALOX5	Fpr2
Anxa1	Fpr-rs7
Anxa1	Fpr-rs6
Anxa1	Fpr3
Anxa1	Fpr-rs4
Anxa1	Fpr-rs3
GABA-GAD1_SLC32A1	Gabbr1
GABA-GAD1_SLC6A1	Gabbr1
GABA-GAD1_SLC6A11	Gabbr1
GABA-GAD1_SLC6A12	Gabbr1
GABA-GAD1_SLC6A13	Gabbr1
GABA-GAD1_SLC6A6	Gabbr1
GABA-GAD1_SLC6A8	Gabbr1
GABA-GAD2_SLC32A1	Gabbr1
GABA-GAD2_SLC6A1	Gabbr1
GABA-GAD2_SLC6A11	Gabbr1
GABA-GAD2_SLC6A12	Gabbr1
GABA-GAD2_SLC6A13	Gabbr1
GABA-GAD2_SLC6A6	Gabbr1
GABA-GAD2_SLC6A8	Gabbr1
GABA-GAD1_SLC32A1	Gabbr2
GABA-GAD1_SLC6A1	Gabbr2
GABA-GAD1_SLC6A11	Gabbr2
GABA-GAD1_SLC6A12	Gabbr2
GABA-GAD1_SLC6A13	Gabbr2
GABA-GAD1_SLC6A6	Gabbr2
GABA-GAD1_SLC6A8	Gabbr2
GABA-GAD2_SLC32A1	Gabbr2
GABA-GAD2_SLC6A1	Gabbr2
GABA-GAD2_SLC6A11	Gabbr2
GABA-GAD2_SLC6A12	Gabbr2
GABA-GAD2_SLC6A13	Gabbr2
GABA-GAD2_SLC6A6	Gabbr2
GABA-GAD2_SLC6A8	Gabbr2
Galp	Galr3
Glu-SLC17A6_GLS	Gria1
Glu-SLC17A7_GLS	Gria1
Glu-SLC17A8_GLS	Gria1
Glu-SLC1A1_GLS	Gria1
Glu-SLC1A2_GLS	Gria1
Glu-SLC1A3_GLS	Gria1
Glu-SLC1A6_GLS	Gria1
Glu-SLC1A7_GLS	Gria1
Glu-SLC17A6_GLS2	Gria1
Glu-SLC17A7_GLS2	Gria1
Glu-SLC17A8_GLS2	Gria1
Glu-SLC1A1_GLS2	Gria1
Glu-SLC1A2_GLS2	Gria1
Glu-SLC1A3_GLS2	Gria1
Glu-SLC1A6_GLS2	Gria1
Glu-SLC1A7_GLS2	Gria1
Glu-SLC17A6_GLS	Gria2
Glu-SLC17A7_GLS	Gria2
Glu-SLC17A8_GLS	Gria2
Glu-SLC1A1_GLS	Gria2
Glu-SLC1A2_GLS	Gria2
Glu-SLC1A3_GLS	Gria2
Glu-SLC1A6_GLS	Gria2
Glu-SLC1A7_GLS	Gria2
Glu-SLC17A6_GLS2	Gria2
Glu-SLC17A7_GLS2	Gria2
Glu-SLC17A8_GLS2	Gria2
Glu-SLC1A1_GLS2	Gria2
Glu-SLC1A2_GLS2	Gria2
Glu-SLC1A3_GLS2	Gria2
Glu-SLC1A6_GLS2	Gria2
Glu-SLC1A7_GLS2	Gria2
Glu-SLC17A6_GLS	Gria3
Glu-SLC17A7_GLS	Gria3
Glu-SLC17A8_GLS	Gria3
Glu-SLC1A1_GLS	Gria3
Glu-SLC1A2_GLS	Gria3
Glu-SLC1A3_GLS	Gria3
Glu-SLC1A6_GLS	Gria3
Glu-SLC1A7_GLS	Gria3
Glu-SLC17A6_GLS2	Gria3
Glu-SLC17A7_GLS2	Gria3
Glu-SLC17A8_GLS2	Gria3
Glu-SLC1A1_GLS2	Gria3
Glu-SLC1A2_GLS2	Gria3
Glu-SLC1A3_GLS2	Gria3
Glu-SLC1A6_GLS2	Gria3
Glu-SLC1A7_GLS2	Gria3
Glu-SLC17A6_GLS	Gria4
Glu-SLC17A7_GLS	Gria4
Glu-SLC17A8_GLS	Gria4
Glu-SLC1A1_GLS	Gria4
Glu-SLC1A2_GLS	Gria4
Glu-SLC1A3_GLS	Gria4
Glu-SLC1A6_GLS	Gria4
Glu-SLC1A7_GLS	Gria4
Glu-SLC17A6_GLS2	Gria4
Glu-SLC17A7_GLS2	Gria4
Glu-SLC17A8_GLS2	Gria4
Glu-SLC1A1_GLS2	Gria4
Glu-SLC1A2_GLS2	Gria4
Glu-SLC1A3_GLS2	Gria4
Glu-SLC1A6_GLS2	Gria4
Glu-SLC1A7_GLS2	Gria4
Glu-NRXN1_CBLN1	Grid2
Glu-SLC17A6_GLS	Grik1
Glu-SLC17A7_GLS	Grik1
Glu-SLC17A8_GLS	Grik1
Glu-SLC1A1_GLS	Grik1
Glu-SLC1A2_GLS	Grik1
Glu-SLC1A3_GLS	Grik1
Glu-SLC1A6_GLS	Grik1
Glu-SLC1A7_GLS	Grik1
Glu-SLC17A6_GLS2	Grik1
Glu-SLC17A7_GLS2	Grik1
Glu-SLC17A8_GLS2	Grik1
Glu-SLC1A1_GLS2	Grik1
Glu-SLC1A2_GLS2	Grik1
Glu-SLC1A3_GLS2	Grik1
Glu-SLC1A6_GLS2	Grik1
Glu-SLC1A7_GLS2	Grik1
Glu-SLC17A6_GLS	Grik2
Glu-SLC17A7_GLS	Grik2
Glu-SLC17A8_GLS	Grik2
Glu-SLC1A1_GLS	Grik2
Glu-SLC1A2_GLS	Grik2
Glu-SLC1A3_GLS	Grik2
Glu-SLC1A6_GLS	Grik2
Glu-SLC1A7_GLS	Grik2
Glu-SLC17A6_GLS2	Grik2
Glu-SLC17A7_GLS2	Grik2
Glu-SLC17A8_GLS2	Grik2
Glu-SLC1A1_GLS2	Grik2
Glu-SLC1A2_GLS2	Grik2
Glu-SLC1A3_GLS2	Grik2
Glu-SLC1A6_GLS2	Grik2
Glu-SLC1A7_GLS2	Grik2
Glu-SLC17A6_GLS	Grik3
Glu-SLC17A7_GLS	Grik3
Glu-SLC17A8_GLS	Grik3
Glu-SLC1A1_GLS	Grik3
Glu-SLC1A2_GLS	Grik3
Glu-SLC1A3_GLS	Grik3
Glu-SLC1A6_GLS	Grik3
Glu-SLC1A7_GLS	Grik3
Glu-SLC17A6_GLS2	Grik3
Glu-SLC17A7_GLS2	Grik3
Glu-SLC17A8_GLS2	Grik3
Glu-SLC1A1_GLS2	Grik3
Glu-SLC1A2_GLS2	Grik3
Glu-SLC1A3_GLS2	Grik3
Glu-SLC1A6_GLS2	Grik3
Glu-SLC1A7_GLS2	Grik3
Glu-SLC17A6_GLS	Grm1
Glu-SLC17A7_GLS	Grm1
Glu-SLC17A8_GLS	Grm1
Glu-SLC1A1_GLS	Grm1
Glu-SLC1A2_GLS	Grm1
Glu-SLC1A3_GLS	Grm1
Glu-SLC1A6_GLS	Grm1
Glu-SLC1A7_GLS	Grm1
Glu-SLC17A6_GLS2	Grm1
Glu-SLC17A7_GLS2	Grm1
Glu-SLC17A8_GLS2	Grm1
Glu-SLC1A1_GLS2	Grm1
Glu-SLC1A2_GLS2	Grm1
Glu-SLC1A3_GLS2	Grm1
Glu-SLC1A6_GLS2	Grm1
Glu-SLC1A7_GLS2	Grm1
Glu-SLC17A6_GLS	Grm2
Glu-SLC17A7_GLS	Grm2
Glu-SLC17A8_GLS	Grm2
Glu-SLC1A1_GLS	Grm2
Glu-SLC1A2_GLS	Grm2
Glu-SLC1A3_GLS	Grm2
Glu-SLC1A6_GLS	Grm2
Glu-SLC1A7_GLS	Grm2
Glu-SLC17A6_GLS2	Grm2
Glu-SLC17A7_GLS2	Grm2
Glu-SLC17A8_GLS2	Grm2
Glu-SLC1A1_GLS2	Grm2
Glu-SLC1A2_GLS2	Grm2
Glu-SLC1A3_GLS2	Grm2
Glu-SLC1A6_GLS2	Grm2
Glu-SLC1A7_GLS2	Grm2
Glu-SLC17A6_GLS	Grm3
Glu-SLC17A7_GLS	Grm3
Glu-SLC17A8_GLS	Grm3
Glu-SLC1A1_GLS	Grm3
Glu-SLC1A2_GLS	Grm3
Glu-SLC1A3_GLS	Grm3
Glu-SLC1A6_GLS	Grm3
Glu-SLC1A7_GLS	Grm3
Glu-SLC17A6_GLS2	Grm3
Glu-SLC17A7_GLS2	Grm3
Glu-SLC17A8_GLS2	Grm3
Glu-SLC1A1_GLS2	Grm3
Glu-SLC1A2_GLS2	Grm3
Glu-SLC1A3_GLS2	Grm3
Glu-SLC1A6_GLS2	Grm3
Glu-SLC1A7_GLS2	Grm3
Glu-SLC17A6_GLS	Grm4
Glu-SLC17A7_GLS	Grm4
Glu-SLC17A8_GLS	Grm4
Glu-SLC1A1_GLS	Grm4
Glu-SLC1A2_GLS	Grm4
Glu-SLC1A3_GLS	Grm4
Glu-SLC1A6_GLS	Grm4
Glu-SLC1A7_GLS	Grm4
Glu-SLC17A6_GLS2	Grm4
Glu-SLC17A7_GLS2	Grm4
Glu-SLC17A8_GLS2	Grm4
Glu-SLC1A1_GLS2	Grm4
Glu-SLC1A2_GLS2	Grm4
Glu-SLC1A3_GLS2	Grm4
Glu-SLC1A6_GLS2	Grm4
Glu-SLC1A7_GLS2	Grm4
Glu-SLC17A6_GLS	Grm5
Glu-SLC17A7_GLS	Grm5
Glu-SLC17A8_GLS	Grm5
Glu-SLC1A1_GLS	Grm5
Glu-SLC1A2_GLS	Grm5
Glu-SLC1A3_GLS	Grm5
Glu-SLC1A6_GLS	Grm5
Glu-SLC1A7_GLS	Grm5
Glu-SLC17A6_GLS2	Grm5
Glu-SLC17A7_GLS2	Grm5
Glu-SLC17A8_GLS2	Grm5
Glu-SLC1A1_GLS2	Grm5
Glu-SLC1A2_GLS2	Grm5
Glu-SLC1A3_GLS2	Grm5
Glu-SLC1A6_GLS2	Grm5
Glu-SLC1A7_GLS2	Grm5
Glu-SLC17A6_GLS	Grm6
Glu-SLC17A7_GLS	Grm6
Glu-SLC17A8_GLS	Grm6
Glu-SLC1A1_GLS	Grm6
Glu-SLC1A2_GLS	Grm6
Glu-SLC1A3_GLS	Grm6
Glu-SLC1A6_GLS	Grm6
Glu-SLC1A7_GLS	Grm6
Glu-SLC17A6_GLS2	Grm6
Glu-SLC17A7_GLS2	Grm6
Glu-SLC17A8_GLS2	Grm6
Glu-SLC1A1_GLS2	Grm6
Glu-SLC1A2_GLS2	Grm6
Glu-SLC1A3_GLS2	Grm6
Glu-SLC1A6_GLS2	Grm6
Glu-SLC1A7_GLS2	Grm6
Glu-SLC17A6_GLS	Grm7
Glu-SLC17A7_GLS	Grm7
Glu-SLC17A8_GLS	Grm7
Glu-SLC1A1_GLS	Grm7
Glu-SLC1A2_GLS	Grm7
Glu-SLC1A3_GLS	Grm7
Glu-SLC1A6_GLS	Grm7
Glu-SLC1A7_GLS	Grm7
Glu-SLC17A6_GLS2	Grm7
Glu-SLC17A7_GLS2	Grm7
Glu-SLC17A8_GLS2	Grm7
Glu-SLC1A1_GLS2	Grm7
Glu-SLC1A2_GLS2	Grm7
Glu-SLC1A3_GLS2	Grm7
Glu-SLC1A6_GLS2	Grm7
Glu-SLC1A7_GLS2	Grm7
Glu-SLC17A6_GLS	Grm8
Glu-SLC17A7_GLS	Grm8
Glu-SLC17A8_GLS	Grm8
Glu-SLC1A1_GLS	Grm8
Glu-SLC1A2_GLS	Grm8
Glu-SLC1A3_GLS	Grm8
Glu-SLC1A6_GLS	Grm8
Glu-SLC1A7_GLS	Grm8
Glu-SLC17A6_GLS2	Grm8
Glu-SLC17A7_GLS2	Grm8
Glu-SLC17A8_GLS2	Grm8
Glu-SLC1A1_GLS2	Grm8
Glu-SLC1A2_GLS2	Grm8
Glu-SLC1A3_GLS2	Grm8
Glu-SLC1A6_GLS2	Grm8
Glu-SLC1A7_GLS2	Grm8
Hist-HDC	Hrh1
Hist-HDC	Hrh2
Hist-HDC	Hrh3
Hist-HDC	Hrh4
5-HT-TPH1_SLC18A1	Htr1a
5-HT-TPH1_SLC18A2	Htr1a
5-HT-TPH1_SLC6A4	Htr1a
5-HT-TPH2_SLC18A1	Htr1a
5-HT-TPH2_SLC18A2	Htr1a
5-HT-TPH2_SLC6A4	Htr1a
5-HT-TPH1_SLC18A1	Htr1b
5-HT-TPH1_SLC18A2	Htr1b
5-HT-TPH1_SLC6A4	Htr1b
5-HT-TPH2_SLC18A1	Htr1b
5-HT-TPH2_SLC18A2	Htr1b
5-HT-TPH2_SLC6A4	Htr1b
5-HT-TPH1_SLC18A1	Htr1d
5-HT-TPH1_SLC18A2	Htr1d
5-HT-TPH1_SLC6A4	Htr1d
5-HT-TPH2_SLC18A1	Htr1d
5-HT-TPH2_SLC18A2	Htr1d
5-HT-TPH2_SLC6A4	Htr1d
5-HT-TPH1_SLC18A1	Htr1e
5-HT-TPH1_SLC18A2	Htr1e
5-HT-TPH1_SLC6A4	Htr1e
5-HT-TPH2_SLC18A1	Htr1e
5-HT-TPH2_SLC18A2	Htr1e
5-HT-TPH2_SLC6A4	Htr1e
5-HT-TPH1_SLC18A1	Htr1f
5-HT-TPH1_SLC18A2	Htr1f
5-HT-TPH1_SLC6A4	Htr1f
5-HT-TPH2_SLC18A1	Htr1f
5-HT-TPH2_SLC18A2	Htr1f
5-HT-TPH2_SLC6A4	Htr1f
5-HT-TPH1_SLC18A1	Htr2a
5-HT-TPH1_SLC18A2	Htr2a
5-HT-TPH1_SLC6A4	Htr2a
5-HT-TPH2_SLC18A1	Htr2a
5-HT-TPH2_SLC18A2	Htr2a
5-HT-TPH2_SLC6A4	Htr2a
5-HT-TPH1_SLC18A1	Htr2b
5-HT-TPH1_SLC18A2	Htr2b
5-HT-TPH1_SLC6A4	Htr2b
5-HT-TPH2_SLC18A1	Htr2b
5-HT-TPH2_SLC18A2	Htr2b
5-HT-TPH2_SLC6A4	Htr2b
5-HT-TPH1_SLC18A1	Htr2c
5-HT-TPH1_SLC18A2	Htr2c
5-HT-TPH1_SLC6A4	Htr2c
5-HT-TPH2_SLC18A1	Htr2c
5-HT-TPH2_SLC18A2	Htr2c
5-HT-TPH2_SLC6A4	Htr2c
5-HT-TPH1_SLC18A1	Htr4
5-HT-TPH1_SLC18A2	Htr4
5-HT-TPH1_SLC6A4	Htr4
5-HT-TPH2_SLC18A1	Htr4
5-HT-TPH2_SLC18A2	Htr4
5-HT-TPH2_SLC6A4	Htr4
5-HT-TPH1_SLC18A1	Htr5a
5-HT-TPH1_SLC18A2	Htr5a
5-HT-TPH1_SLC6A4	Htr5a
5-HT-TPH2_SLC18A1	Htr5a
5-HT-TPH2_SLC18A2	Htr5a
5-HT-TPH2_SLC6A4	Htr5a
5-HT-TPH1_SLC18A1	Htr6
5-HT-TPH1_SLC18A2	Htr6
5-HT-TPH1_SLC6A4	Htr6
5-HT-TPH2_SLC18A1	Htr6
5-HT-TPH2_SLC18A2	Htr6
5-HT-TPH2_SLC6A4	Htr6
5-HT-TPH1_SLC18A1	Htr7
5-HT-TPH1_SLC18A2	Htr7
5-HT-TPH1_SLC6A4	Htr7
5-HT-TPH2_SLC18A1	Htr7
5-HT-TPH2_SLC18A2	Htr7
5-HT-TPH2_SLC6A4	Htr7
Lrfn4	Ptprd
Lrfn4	Ptprf
Lrfn4	Ptprs
Lrfn5	Ptprd
Lrfn5	Ptprf
Lrfn5	Ptprs
Lrrc4b	Ptprd
Lrrc4b	Ptprs
Lrrc4c	Ptprf
Nrxn1	Lrrtm1
Nrxn2	Lrrtm1
Nrxn3	Lrrtm1
Nrxn1	Lrrtm2
Nrxn2	Lrrtm2
Nrxn3	Lrrtm2
Nrxn1	Lrrtm3
Nrxn2	Lrrtm3
Nrxn3	Lrrtm3
Nrxn1	Lrrtm4
Nrxn2	Lrrtm4
Nrxn3	Lrrtm4
Lrrtm4	Ptprs
LTB4-LTA4H	Ltb4r1
LTB4-LTA4H	Ltb4r2
Grp	Nmbr
Ptprs	Ntrk3
b-Endorphin-POMC	Oprd1
b-Endorphin-POMC	Oprm1
b-Endorphin-POMC	Oprk1
Pnoc	Oprl1
PGD2-PTGDS	Ptgdr
PGD2-PTGDS	Ptgdr2
PGE2-PTGES	Ptger1
PGE2-PTGES2	Ptger1
PGE2-PTGES3	Ptger1
PGE2-PTGES	Ptger2
PGE2-PTGES2	Ptger2
PGE2-PTGES3	Ptger2
PGE2-PTGES	Ptger3
PGE2-PTGES2	Ptger3
PGE2-PTGES3	Ptger3
PGE2-PTGES	Ptger4
PGE2-PTGES2	Ptger4
PGE2-PTGES3	Ptger4
PGD2-AKR1C3	Ptgfr
PGF2a-CBR1	Ptgfr
PGF2a-PRXL2B	Ptgfr
PGI2-PTGIS	Ptgir
Vip	Sctr
Slitrk1	Ptprd
Slitrk1	Ptprs
Slitrk2	Ptprd
Slitrk2	Ptprs
Slitrk3	Ptprd
Slitrk4	Ptprs
Slitrk5	Ptprs
Slitrk6	Ptprs
TXA2-TBXAS1	Tbxa2r
Glu-SLC17A6_GLS	GRIK1_GRIK4
Glu-SLC17A6_GLS	GRIK2_GRIK4
Glu-SLC17A6_GLS	GRIK3_GRIK4
Glu-SLC17A6_GLS	GRIK1_GRIK5
Glu-SLC17A6_GLS	GRIK2_GRIK5
Glu-SLC17A6_GLS	GRIK3_GRIK5
Glu-SLC17A6_GLS	GRIN1_GRIN2A
Glu-SLC17A6_GLS	GRIN1_GRIN2B
Glu-SLC17A6_GLS	GRIN1_GRIN2C
Glu-SLC17A6_GLS	GRIN1_GRIN2D
Glu-SLC17A7_GLS	GRIK1_GRIK4
Glu-SLC17A7_GLS	GRIK2_GRIK4
Glu-SLC17A7_GLS	GRIK3_GRIK4
Glu-SLC17A7_GLS	GRIK1_GRIK5
Glu-SLC17A7_GLS	GRIK2_GRIK5
Glu-SLC17A7_GLS	GRIK3_GRIK5
Glu-SLC17A7_GLS	GRIN1_GRIN2A
Glu-SLC17A7_GLS	GRIN1_GRIN2B
Glu-SLC17A7_GLS	GRIN1_GRIN2C
Glu-SLC17A7_GLS	GRIN1_GRIN2D
Glu-SLC17A8_GLS	GRIK1_GRIK4
Glu-SLC17A8_GLS	GRIK2_GRIK4
Glu-SLC17A8_GLS	GRIK3_GRIK4
Glu-SLC17A8_GLS	GRIK1_GRIK5
Glu-SLC17A8_GLS	GRIK2_GRIK5
Glu-SLC17A8_GLS	GRIK3_GRIK5
Glu-SLC17A8_GLS	GRIN1_GRIN2A
Glu-SLC17A8_GLS	GRIN1_GRIN2B
Glu-SLC17A8_GLS	GRIN1_GRIN2C
Glu-SLC17A8_GLS	GRIN1_GRIN2D
Glu-SLC1A1_GLS	GRIK1_GRIK4
Glu-SLC1A1_GLS	GRIK2_GRIK4
Glu-SLC1A1_GLS	GRIK3_GRIK4
Glu-SLC1A1_GLS	GRIK1_GRIK5
Glu-SLC1A1_GLS	GRIK2_GRIK5
Glu-SLC1A1_GLS	GRIK3_GRIK5
Glu-SLC1A1_GLS	GRIN1_GRIN2A
Glu-SLC1A1_GLS	GRIN1_GRIN2B
Glu-SLC1A1_GLS	GRIN1_GRIN2C
Glu-SLC1A1_GLS	GRIN1_GRIN2D
Glu-SLC1A2_GLS	GRIK1_GRIK4
Glu-SLC1A2_GLS	GRIK2_GRIK4
Glu-SLC1A2_GLS	GRIK3_GRIK4
Glu-SLC1A2_GLS	GRIK1_GRIK5
Glu-SLC1A2_GLS	GRIK2_GRIK5
Glu-SLC1A2_GLS	GRIK3_GRIK5
Glu-SLC1A2_GLS	GRIN1_GRIN2A
Glu-SLC1A2_GLS	GRIN1_GRIN2B
Glu-SLC1A2_GLS	GRIN1_GRIN2C
Glu-SLC1A2_GLS	GRIN1_GRIN2D
Glu-SLC1A3_GLS	GRIK1_GRIK4
Glu-SLC1A3_GLS	GRIK2_GRIK4
Glu-SLC1A3_GLS	GRIK3_GRIK4
Glu-SLC1A3_GLS	GRIK1_GRIK5
Glu-SLC1A3_GLS	GRIK2_GRIK5
Glu-SLC1A3_GLS	GRIK3_GRIK5
Glu-SLC1A3_GLS	GRIN1_GRIN2A
Glu-SLC1A3_GLS	GRIN1_GRIN2B
Glu-SLC1A3_GLS	GRIN1_GRIN2C
Glu-SLC1A3_GLS	GRIN1_GRIN2D
Glu-SLC1A6_GLS	GRIK1_GRIK4
Glu-SLC1A6_GLS	GRIK2_GRIK4
Glu-SLC1A6_GLS	GRIK3_GRIK4
Glu-SLC1A6_GLS	GRIK1_GRIK5
Glu-SLC1A6_GLS	GRIK2_GRIK5
Glu-SLC1A6_GLS	GRIK3_GRIK5
Glu-SLC1A6_GLS	GRIN1_GRIN2A
Glu-SLC1A6_GLS	GRIN1_GRIN2B
Glu-SLC1A6_GLS	GRIN1_GRIN2C
Glu-SLC1A6_GLS	GRIN1_GRIN2D
Glu-SLC1A7_GLS	GRIK1_GRIK4
Glu-SLC1A7_GLS	GRIK2_GRIK4
Glu-SLC1A7_GLS	GRIK3_GRIK4
Glu-SLC1A7_GLS	GRIK1_GRIK5
Glu-SLC1A7_GLS	GRIK2_GRIK5
Glu-SLC1A7_GLS	GRIK3_GRIK5
Glu-SLC1A7_GLS	GRIN1_GRIN2A
Glu-SLC1A7_GLS	GRIN1_GRIN2B
Glu-SLC1A7_GLS	GRIN1_GRIN2C
Glu-SLC1A7_GLS	GRIN1_GRIN2D
Glu-SLC17A6_GLS2	GRIK1_GRIK4
Glu-SLC17A6_GLS2	GRIK2_GRIK4
Glu-SLC17A6_GLS2	GRIK3_GRIK4
Glu-SLC17A6_GLS2	GRIK1_GRIK5
Glu-SLC17A6_GLS2	GRIK2_GRIK5
Glu-SLC17A6_GLS2	GRIK3_GRIK5
Glu-SLC17A6_GLS2	GRIN1_GRIN2A
Glu-SLC17A6_GLS2	GRIN1_GRIN2B
Glu-SLC17A6_GLS2	GRIN1_GRIN2C
Glu-SLC17A6_GLS2	GRIN1_GRIN2D
Glu-SLC17A7_GLS2	GRIK1_GRIK4
Glu-SLC17A7_GLS2	GRIK2_GRIK4
Glu-SLC17A7_GLS2	GRIK3_GRIK4
Glu-SLC17A7_GLS2	GRIK1_GRIK5
Glu-SLC17A7_GLS2	GRIK2_GRIK5
Glu-SLC17A7_GLS2	GRIK3_GRIK5
Glu-SLC17A7_GLS2	GRIN1_GRIN2A
Glu-SLC17A7_GLS2	GRIN1_GRIN2B
Glu-SLC17A7_GLS2	GRIN1_GRIN2C
Glu-SLC17A7_GLS2	GRIN1_GRIN2D
Glu-SLC17A8_GLS2	GRIK1_GRIK4
Glu-SLC17A8_GLS2	GRIK2_GRIK4
Glu-SLC17A8_GLS2	GRIK3_GRIK4
Glu-SLC17A8_GLS2	GRIK1_GRIK5
Glu-SLC17A8_GLS2	GRIK2_GRIK5
Glu-SLC17A8_GLS2	GRIK3_GRIK5
Glu-SLC17A8_GLS2	GRIN1_GRIN2A
Glu-SLC17A8_GLS2	GRIN1_GRIN2B
Glu-SLC17A8_GLS2	GRIN1_GRIN2C
Glu-SLC17A8_GLS2	GRIN1_GRIN2D
Glu-SLC1A1_GLS2	GRIK1_GRIK4
Glu-SLC1A1_GLS2	GRIK2_GRIK4
Glu-SLC1A1_GLS2	GRIK3_GRIK4
Glu-SLC1A1_GLS2	GRIK1_GRIK5
Glu-SLC1A1_GLS2	GRIK2_GRIK5
Glu-SLC1A1_GLS2	GRIK3_GRIK5
Glu-SLC1A1_GLS2	GRIN1_GRIN2A
Glu-SLC1A1_GLS2	GRIN1_GRIN2B
Glu-SLC1A1_GLS2	GRIN1_GRIN2C
Glu-SLC1A1_GLS2	GRIN1_GRIN2D
Glu-SLC1A2_GLS2	GRIK1_GRIK4
Glu-SLC1A2_GLS2	GRIK2_GRIK4
Glu-SLC1A2_GLS2	GRIK3_GRIK4
Glu-SLC1A2_GLS2	GRIK1_GRIK5
Glu-SLC1A2_GLS2	GRIK2_GRIK5
Glu-SLC1A2_GLS2	GRIK3_GRIK5
Glu-SLC1A2_GLS2	GRIN1_GRIN2A
Glu-SLC1A2_GLS2	GRIN1_GRIN2B
Glu-SLC1A2_GLS2	GRIN1_GRIN2C
Glu-SLC1A2_GLS2	GRIN1_GRIN2D
Glu-SLC1A3_GLS2	GRIK1_GRIK4
Glu-SLC1A3_GLS2	GRIK2_GRIK4
Glu-SLC1A3_GLS2	GRIK3_GRIK4
Glu-SLC1A3_GLS2	GRIK1_GRIK5
Glu-SLC1A3_GLS2	GRIK2_GRIK5
Glu-SLC1A3_GLS2	GRIK3_GRIK5
Glu-SLC1A3_GLS2	GRIN1_GRIN2A
Glu-SLC1A3_GLS2	GRIN1_GRIN2B
Glu-SLC1A3_GLS2	GRIN1_GRIN2C
Glu-SLC1A3_GLS2	GRIN1_GRIN2D
Glu-SLC1A6_GLS2	GRIK1_GRIK4
Glu-SLC1A6_GLS2	GRIK2_GRIK4
Glu-SLC1A6_GLS2	GRIK3_GRIK4
Glu-SLC1A6_GLS2	GRIK1_GRIK5
Glu-SLC1A6_GLS2	GRIK2_GRIK5
Glu-SLC1A6_GLS2	GRIK3_GRIK5
Glu-SLC1A6_GLS2	GRIN1_GRIN2A
Glu-SLC1A6_GLS2	GRIN1_GRIN2B
Glu-SLC1A6_GLS2	GRIN1_GRIN2C
Glu-SLC1A6_GLS2	GRIN1_GRIN2D
Glu-SLC1A7_GLS2	GRIK1_GRIK4
Glu-SLC1A7_GLS2	GRIK2_GRIK4
Glu-SLC1A7_GLS2	GRIK3_GRIK4
Glu-SLC1A7_GLS2	GRIK1_GRIK5
Glu-SLC1A7_GLS2	GRIK2_GRIK5
Glu-SLC1A7_GLS2	GRIK3_GRIK5
Glu-SLC1A7_GLS2	GRIN1_GRIN2A
Glu-SLC1A7_GLS2	GRIN1_GRIN2B
Glu-SLC1A7_GLS2	GRIN1_GRIN2C
Glu-SLC1A7_GLS2	GRIN1_GRIN2D
12oxoLTB4-PTGR1	Ltb4r1
12oxoLTB4-PTGR1	Ltb4r2
22HC-CYP11A1	Nr1h4
22HC-CYP3A4	Nr1h4
2AG-DAGLA	Cnr1
2AG-DAGLA	Cnr2
2AG-DAGLA	Gpr55
2AG-DAGLB	Cnr1
2AG-DAGLB	Cnr2
2AG-DAGLB	Gpr55
5alphaP-DHRS9	Pgr
App	Sorl1
App	Tnfrsf21
App	TREM2_TYROBP
Entpd1	Adora3
Aldo-CYP11B2	Nr3c1
Aldo-CYP11B2	Nr3c2
Androstenedione-CYP17A1	Ar
Androsterone-HSD17B6	Nr1h4
Apoa1	Abca1
Apoa1	CUBN_AMN
Apoa1	TREM2_TYROBP
Apoa2	TREM2_TYROBP
Apob	Apobr
Apob	TREM2_TYROBP
Apoe	TREM2_TYROBP
RA-ALDH1A1	RARA_CRABP2
RA-ALDH1A1	RARA_RXRA_CRABP2
RA-ALDH1A1	RARB_CRABP2
RA-ALDH1A1	RARB_RXRB_CRABP2
RA-ALDH1A1	RARG_CRABP2
RA-ALDH1A1	RARG_RXRG_CRABP2
RA-ALDH1A1	RXRA_CRABP2
RA-ALDH1A1	RXRB_CRABP2
RA-ALDH1A1	RXRG_CRABP2
RA-ALDH1A1	Rorb
RA-ALDH1A2	RARA_CRABP2
RA-ALDH1A2	RARA_RXRA_CRABP2
RA-ALDH1A2	RARB_CRABP2
RA-ALDH1A2	RARB_RXRB_CRABP2
RA-ALDH1A2	RARG_CRABP2
RA-ALDH1A2	RARG_RXRG_CRABP2
RA-ALDH1A2	RXRA_CRABP2
RA-ALDH1A2	RXRB_CRABP2
RA-ALDH1A2	RXRG_CRABP2
RA-ALDH1A2	Rorb
RA-ALDH1A3	RARA_CRABP2
RA-ALDH1A3	RARA_RXRA_CRABP2
RA-ALDH1A3	RARB_CRABP2
RA-ALDH1A3	RARB_RXRB_CRABP2
RA-ALDH1A3	RARG_CRABP2
RA-ALDH1A3	RARG_RXRG_CRABP2
RA-ALDH1A3	RXRA_CRABP2
RA-ALDH1A3	RXRB_CRABP2
RA-ALDH1A3	RXRG_CRABP2
RA-ALDH1A3	Rorb
Bdnf	Sort1
Bdnf	Ngfr
Cd160	Tnfrsf14
Cadm1	Nectin3
Cadm3	Cadm1
Cadm3	Cadm4
Cadm3	Epb41l1
Cadm3	Nectin3
Calcitriol-CYP27B1	Vdr
Cd276	Treml2
Cd99	Pilrb1
Cd99	Pilrb2
Ceacam2	Cd209c
Ceacam2	Cd209a
Ceacam2	Cd209d
Ceacam2	Cd209b
Ceacam2	Cd209e
Ceacam1	Cd209c
Ceacam1	Cd209d
Ceacam1	Cd209b
Ceacam1	Cd209e
Ceacam2	Ceacam2
Ceacam1	Ceacam2
Ceacam1	Ceacam1
Ceacam2	Psg20
Ceacam1	Psg20
Ceacam2	Sele
Ceacam2	Cd8a
Ceacam1	Cd8a
Ceacam2	Cd1d2
Ceacam2	Cd1d1
Ceacam1	Cd1d2
Ceacam1	Cd1d1
Cholesterol-CEL	Rora
Cholesterol-CEL	Rorc
Cholesterol-DHCR24	Rora
Cholesterol-DHCR24	Rorc
Cholesterol-DHCR7	Rora
Cholesterol-DHCR7	Rorc
Cholesterol-LIPA	Rora
Cholesterol-LIPA	Rorc
Cntn1	Notch1
Cntn1	Notch2
Cort-CYP11B1	Nr3c1
Cort-CYP11B1	Nr3c2
Crtam	Cadm1
DHEA-STS	Esr1
DHEA-STS	Nr1i2
DHEA-STS	Ppara
Desmosterol-DHCR7	Nr1h2
Desmosterol-DHCR7	Nr1h3
DOC-CYP21A2	Nr3c2
DHEAS-SULT1E1	Ppara
DHEAS-SULT1E1	Ppard
DHEAS-SULT1E1	Pparg
DHEAS-SULT2A1	Ppara
DHEAS-SULT2A1	Ppard
DHEAS-SULT2A1	Pparg
DHEAS-SULT2B	Ppara
DHEAS-SULT2B	Ppard
DHEAS-SULT2B	Pparg
DHT-SRD5A1	Ar
DHT-SRD5A2	Ar
DHT-SRD5A3	Ar
E2-CYP19A1	Esr1
E2-CYP19A1	Esr2
E2-CYP19A1	Gper1
E2-CYP19A1	Nr1i2
E2-HSD17B1	Esr1
E2-HSD17B1	Esr2
E2-HSD17B1	Gper1
E2-HSD17B1	Nr1i2
Igfbp3	Tmem219
Clec2f	Klrb1b
Clec2g	Klrb1b
Clec2h	Klrb1b
Clec2i	Klrb1b
Clec2e	Klrb1b
Clec2f	Klrb1
Clec2d	Klrb1
Clec2e	Klrb1
Clec2h	Klrb1f
Clec2d	Klrb1f
Clec2e	Klrb1f
Clec2f	Klrb1a
Clec2g	Klrb1a
Clec2h	Klrb1a
Clec2d	Klrb1a
Clec2i	Klrb1a
Clec2e	Klrb1a
Clec2f	Klrb1c
Clec2g	Klrb1c
Clec2h	Klrb1c
Clec2d	Klrb1c
Clec2i	Klrb1c
Clec2e	Klrb1c
Lair1	Lilrb4a
Lgals9	BCR_CD45_CD22
Lgals9	P4hb
Melatonin-ASMT	Mtnr1a
Melatonin-ASMT	Mtnr1b
Amh	AMHR2_BMPR1B
Mmp2	MMP14_ITGAV_ITGB3
Ntn1	Dcc
Ntn1	Dscam
Ntn1	Unc5a
Ntn1	Unc5b
Ntn1	Unc5c
Ntn4	Ntrk2
Ntn4	Unc5b
Ntn4	Unc5d
Nts	Sort1
Nrg1	ITGA6_ITGB4
Ntf3	Ngfr
Ntf5	Ngfr
Cd200	Cd200r1l
Pecam1	Cd177
Pecam1	Cd38
Ppia	Bsg
Pregnenolone-CYP11A1	Nr1i2
Progesterone-HSD3B1	CATSPER1_CATSPERB
Progesterone-HSD3B1	CATSPER1_CATSPERD
Progesterone-HSD3B1	CATSPER2_CATSPERB
Progesterone-HSD3B1	CATSPER2_CATSPERD
Progesterone-HSD3B1	CATSPER3_CATSPERB
Progesterone-HSD3B1	CATSPER3_CATSPERD
Progesterone-HSD3B1	CATSPER4_CATSPERB
Progesterone-HSD3B1	CATSPER4_CATSPERD
PGD2-AKR1C3	Ptgdr2
Reln	Lrp8
Reln	Vldlr
Raet1e	NKG2D_HCST
Raet1c	NKG2D_HCST
Raet1b	NKG2D_HCST
Raet1a	NKG2D_HCST
Raet1d	NKG2D_HCST
H60a	NKG2D_HCST
H60b	NKG2D_HCST
H60c	NKG2D_HCST
Rbp4	Stra6
5-HT-DOPA-DDC	Htr1a
5-HT-DOPA-DDC	Htr1b
5-HT-DOPA-DDC	Htr1d
5-HT-DOPA-DDC	Htr1f
5-HT-DOPA-DDC	Htr2a
5-HT-DOPA-DDC	Htr2b
5-HT-DOPA-DDC	Htr2c
5-HT-DOPA-DDC	Htr3a
5-HT-DOPA-DDC	Htr3b
5-HT-DOPA-DDC	Htr4
5-HT-DOPA-DDC	Htr5a
5-HT-DOPA-DDC	Htr6
5-HT-DOPA-DDC	Htr7
5-HT-DOPA-DDC	Drd1
5-HT-DOPA-DDC	Drd2
5-HT-DOPA-DDC	Drd3
5-HT-DOPA-DDC	Drd4
5-HT-DOPA-DDC	Drd5
Sirpb1a	Cd47
Sirpb1b	Cd47
Sirpb1c	Cd47
Slit1	Robo1
Slit2	Robo1
Slit2	Robo2
Testosterone-AKR1D1	Ar
Testosterone-HSD17B12	Ar
Testosterone-HSD17B3	Ar
GPHB5_GPHA2	Tshr
CGA_TSHB	Tshr
T3-DIO3	Thra
T3-DIO3	Thrb
Tulp1	Tyro3
Tulp2	Tyro3
Tulp1	Axl
Tulp1	Mertk
Tub	Mertk
Pros1	Mertk
Plau	Plaur
Vcam1	ITGAD_ITGB2
